Date,Region,Temperature (°F),Energy Consumption (MWh),Predicted Energy Consumption (MWh),WeatherCondition,Peak Hours
31-01-2022,Northeast,68.3,3469,3327.89,Windy,No
30-12-2022,Northeast,47,3957.63,3840.26,Windy,Yes
10-05-2021,West,92.4,1858.67,1783.98,Cloudy,No
18-07-2022,Midwest,81.8,3659.98,3714.41,Windy,Yes
04-02-2022,Midwest,41.2,2992.16,2951.47,Cloudy,No
31-12-2021,West,71.6,3971.3,3774.03,Sunny,No
21-09-2023,South,67.7,2308.18,2317.54,Cloudy,Yes
10-11-2021,Northeast,52.1,4560.23,4728.84,Cloudy,No
27-06-2023,West,49.4,1337.21,1462.04,Rainy,Yes
02-05-2019,Northeast,47.5,4228.76,4358.84,Windy,No
11-04-2020,South,69.4,4445.28,4563.3,Cloudy,No
23-05-2022,Northeast,55.4,4269.01,4198.5,Sunny,Yes
27-11-2019,West,86.5,3050.91,3156.99,Snowy,Yes
22-01-2023,Northeast,73.6,2753.54,2610.8,Cloudy,Yes
29-03-2019,Midwest,25.6,4985.05,5048.14,Windy,No
28-10-2022,South,71.2,1916.69,1973.32,Rainy,Yes
28-01-2022,South,41.7,3187.5,2997.73,Sunny,No
21-05-2021,South,67.4,3682.7,3797.89,Rainy,No
15-08-2023,West,74.4,3803.47,3964.77,Snowy,No
11-05-2019,South,38.5,1816.1,1723.07,Cloudy,Yes
13-08-2023,Midwest,56.5,3615.98,3740.94,Cloudy,No
25-08-2022,West,35.2,4273.48,4106.44,Windy,No
08-02-2021,Midwest,24.2,1200.07,1240.06,Cloudy,No
10-12-2019,Northeast,50.3,4646.09,4640.35,Sunny,Yes
24-02-2023,Northeast,49,1118.02,1136.39,Snowy,Yes
08-12-2022,Northeast,99.6,2423.88,2594.36,Rainy,Yes
16-03-2021,Northeast,55.7,1063.25,1211.78,Snowy,No
21-01-2020,Midwest,46.7,1308.58,1422.61,Cloudy,Yes
30-04-2022,West,66.4,4644.67,4554.15,Rainy,No
13-08-2021,West,27.1,2419.44,2584.17,Windy,Yes
04-10-2019,South,96.9,2699.09,2538.09,Snowy,No
30-03-2022,Midwest,70.8,1861.38,2002.71,Rainy,No
04-04-2020,Northeast,80.4,3388.38,3319.64,Rainy,No
30-08-2022,Midwest,33.6,3379.21,3200.72,Rainy,Yes
22-01-2019,South,52.8,2488.8,2556.54,Sunny,Yes
10-09-2019,South,53.8,2332.14,2224.65,Snowy,Yes
17-01-2021,Midwest,85.7,4539.86,4437.29,Rainy,Yes
06-05-2021,Midwest,20.1,2533.14,2455.56,Snowy,No
04-05-2023,Midwest,44.1,2974,2799.47,Rainy,No
19-04-2020,West,98.5,2133.22,2004.07,Windy,No
18-12-2021,Northeast,58,4147.08,3949.14,Windy,Yes
25-05-2020,Midwest,50.6,2589.79,2567.95,Windy,No
02-09-2023,Midwest,29.6,3054.44,2888.14,Cloudy,No
08-02-2023,Midwest,97.9,2013.43,2086.49,Rainy,No
30-11-2020,South,21.6,4950.64,4844.89,Cloudy,Yes
02-09-2021,South,79,2165.98,2343.41,Snowy,No
12-12-2023,West,81.5,4082.97,4231.47,Cloudy,No
09-07-2019,Northeast,39.5,2709.98,2625.76,Snowy,No
15-08-2021,West,73.7,1824.87,1938.16,Snowy,No
17-11-2020,Northeast,27.4,4198.88,4320.18,Snowy,Yes
15-08-2021,South,40.6,2334.43,2529.06,Cloudy,Yes
16-07-2020,South,83,4460.77,4499.91,Rainy,No
10-05-2023,South,89.2,4661.03,4493.82,Cloudy,No
21-06-2022,West,68.7,4439.3,4498.03,Rainy,Yes
11-04-2021,Midwest,60.5,1140.03,1190.02,Rainy,No
09-03-2023,Midwest,32.7,4149.49,4204.83,Snowy,No
28-02-2022,South,25,2645.36,2568.22,Cloudy,No
17-02-2023,Midwest,29.4,4494.89,4638.76,Rainy,Yes
08-10-2020,Midwest,38.2,3551.82,3735.61,Windy,No
21-01-2019,West,47.3,4334.57,4221.66,Rainy,No
20-04-2021,Northeast,50.5,2997.73,2832.99,Windy,No
16-06-2019,South,47.7,3140.1,3017.91,Cloudy,No
21-07-2022,South,39.1,1577.55,1705.77,Cloudy,No
23-01-2020,West,60.8,4135.95,4206.61,Cloudy,No
23-08-2020,West,86,2677.56,2731.98,Rainy,Yes
12-11-2019,Midwest,42.4,3000.32,2961.04,Sunny,No
14-01-2019,South,95.4,4140.39,4171.52,Rainy,No
30-08-2019,Northeast,89.9,3395.38,3318.53,Rainy,Yes
15-02-2021,West,32.9,1804.39,1795.27,Snowy,No
01-10-2022,Northeast,82.9,3360.93,3478.16,Snowy,No
18-07-2020,Northeast,66,2630.53,2823.03,Rainy,No
16-06-2021,South,65.3,2878.1,3051.1,Windy,Yes
25-09-2022,South,51.3,1113.25,1286.8,Snowy,No
02-04-2019,West,60.1,1840.12,1801.01,Rainy,Yes
22-10-2022,South,51.8,2124.15,2111.67,Sunny,Yes
13-08-2021,South,63.2,3851.84,3934.09,Windy,No
18-01-2023,South,70.2,1045.97,1214.85,Cloudy,No
22-12-2022,Northeast,73.9,2635.11,2491.91,Rainy,No
23-05-2020,West,62.6,4696.11,4617.81,Rainy,Yes
14-02-2021,Midwest,77.7,1447.52,1303.22,Windy,No
04-02-2019,Northeast,31.3,3065.7,3110.5,Snowy,Yes
25-07-2019,South,37,4146.09,4068.61,Snowy,No
09-01-2022,Northeast,85.5,4770.13,4700.57,Snowy,No
05-05-2023,South,45.8,3987.11,3815.48,Cloudy,No
12-11-2022,South,21.8,3882.26,3822.18,Windy,Yes
22-10-2021,Northeast,32.3,4305.95,4450.95,Windy,Yes
18-10-2021,West,37.9,2784.8,2678.03,Snowy,No
14-11-2022,South,96.6,4223.38,4301.45,Snowy,Yes
19-07-2020,West,65.8,1031.86,1083.71,Sunny,No
03-02-2022,Midwest,94.6,4698.24,4843.63,Sunny,No
01-12-2023,South,66,2773.23,2626.15,Rainy,Yes
09-02-2023,West,58.3,3213.52,3404.56,Rainy,No
03-12-2020,West,45.1,2019.53,2052.58,Windy,No
06-02-2020,Midwest,68.5,3970.12,4168.31,Windy,Yes
30-12-2020,West,31.1,1306.54,1471.15,Cloudy,Yes
29-04-2023,West,91.9,4490.54,4379.15,Cloudy,Yes
11-06-2019,Midwest,86.3,4312.47,4134.93,Sunny,No
21-07-2019,South,45.4,1864.24,1766.5,Rainy,No
22-09-2021,West,96.2,4237.3,4248.33,Sunny,Yes
27-09-2019,West,86,4145.43,4014.07,Sunny,Yes
26-03-2021,West,73.3,3528.87,3395.85,Rainy,No
18-07-2022,Northeast,29.7,2494.08,2479.12,Cloudy,No
31-03-2020,Midwest,58.3,2086,1899.31,Rainy,No
25-01-2023,Northeast,60.5,1927.13,1775.89,Snowy,Yes
17-10-2023,Midwest,38.6,2274.44,2240.78,Snowy,Yes
29-06-2022,South,26.4,4614.23,4439.48,Snowy,No
13-10-2021,South,82.1,1310.56,1269.26,Windy,No
22-09-2023,West,29.8,4315.49,4305.09,Cloudy,Yes
23-10-2019,Midwest,67.5,2395.56,2376.07,Cloudy,No
15-10-2023,South,94.9,3086.4,3234.07,Windy,No
20-12-2020,Midwest,90.1,4177.94,4189.96,Sunny,No
08-11-2023,South,42.2,4537.51,4524.7,Snowy,Yes
04-12-2019,Northeast,88.1,2379.13,2343.41,Snowy,No
28-05-2021,South,20,2847.37,2974.42,Sunny,No
12-12-2021,Northeast,21.4,2658.06,2816.08,Rainy,No
02-03-2021,South,68.2,1053,1194.3,Rainy,Yes
05-08-2019,West,49.2,2183.77,2253.19,Cloudy,Yes
02-02-2021,Northeast,50.9,2836.76,2691.7,Windy,Yes
07-07-2019,South,65.2,2644.37,2555.12,Cloudy,No
15-01-2020,West,35.3,3887.72,3706.15,Rainy,Yes
07-05-2020,Northeast,36.9,2539.21,2711.54,Sunny,No
30-11-2021,West,58.8,2957.51,3021.83,Cloudy,Yes
26-03-2022,Midwest,80.3,2718.43,2816.98,Snowy,No
15-01-2019,Midwest,69.6,3962.5,3887.13,Snowy,No
06-03-2019,Northeast,43.8,4451.89,4590.15,Sunny,Yes
04-06-2020,South,54.4,3127.56,3031.4,Rainy,Yes
29-09-2022,Northeast,33.7,4157.73,3958.39,Snowy,Yes
26-02-2022,West,26,2187.15,2137.72,Snowy,No
09-10-2020,South,82.6,3165.48,3193.78,Windy,No
04-02-2023,Midwest,41.2,2380.92,2372.4,Cloudy,Yes
22-12-2021,South,34.2,2656.8,2801.63,Rainy,No
08-03-2022,Midwest,75.3,3929.66,3771.82,Cloudy,Yes
03-03-2023,South,69.4,4526.65,4548.18,Rainy,Yes
15-08-2020,South,70.7,1485.98,1491.17,Snowy,Yes
27-01-2020,South,38.3,3538.56,3451.12,Windy,No
26-08-2023,West,38.6,3328.58,3457.47,Cloudy,Yes
23-02-2020,West,37.7,1473.66,1574.8,Snowy,Yes
16-10-2019,Northeast,33.9,1847.58,1940.72,Rainy,Yes
14-01-2020,Northeast,72.5,2244.01,2394.49,Cloudy,Yes
02-12-2023,Midwest,87.8,1667.72,1756.83,Cloudy,No
22-02-2023,West,77.9,1974.92,1867.66,Snowy,Yes
19-08-2019,Midwest,83.4,2070.4,2152.63,Cloudy,Yes
14-10-2021,Northeast,52.4,2342.7,2265.78,Windy,No
10-02-2019,Midwest,72.3,3997.56,3894.43,Windy,Yes
17-11-2021,Northeast,48.3,3287.65,3116.85,Snowy,No
15-05-2019,West,62,4944.99,5042.6,Rainy,No
20-07-2019,South,58.5,2658.94,2743.34,Snowy,Yes
18-02-2021,West,34.2,4015.46,3909.26,Windy,No
18-07-2021,Midwest,51,4485.87,4585.62,Sunny,Yes
22-11-2021,Midwest,97.1,3715.91,3883.05,Sunny,No
07-12-2021,West,39.9,2647.46,2490.67,Cloudy,No
17-05-2020,West,30.7,4014.38,3907.43,Cloudy,Yes
11-02-2020,Northeast,53.5,1814.67,1914.77,Sunny,No
17-05-2023,Midwest,83.2,2310.21,2220.01,Windy,No
18-10-2023,Midwest,66.6,3186.74,3236.61,Cloudy,No
15-03-2021,West,74.5,3301.64,3134.11,Snowy,No
09-04-2019,South,35.2,1088.57,1069.45,Snowy,No
14-11-2020,Midwest,69.5,4780.46,4876.1,Windy,Yes
26-12-2020,South,45.9,3786.51,3861.12,Cloudy,Yes
20-04-2023,West,86.7,2982.82,3108.85,Snowy,No
18-08-2021,West,70.3,4732.51,4883.49,Cloudy,Yes
29-10-2023,Northeast,35.9,2756.38,2865.65,Cloudy,No
04-09-2020,Midwest,25.2,4921.74,4990.38,Snowy,Yes
25-01-2023,South,23.4,3049.14,2861.83,Sunny,Yes
04-10-2020,Northeast,49.7,1457.14,1471.13,Snowy,Yes
28-11-2023,Midwest,41.3,4059.2,3874.28,Windy,No
25-10-2021,Northeast,71.7,3715.59,3838.82,Rainy,No
26-05-2022,West,59.9,4091.95,4020.24,Snowy,No
17-05-2020,Midwest,41.3,4805.77,4830.74,Cloudy,Yes
05-02-2021,Northeast,31.9,4105.96,4017.74,Cloudy,No
02-02-2020,Northeast,30.2,3445.35,3558.35,Snowy,Yes
20-05-2021,South,89.2,4429.24,4583.84,Rainy,No
05-03-2021,Northeast,39.5,3692.99,3652.45,Snowy,No
28-01-2020,Midwest,72.1,2632.48,2777.65,Rainy,Yes
26-07-2019,Midwest,84.9,4542.48,4449.31,Rainy,No
04-11-2021,South,69.1,1887.6,1901.46,Windy,No
27-04-2023,Midwest,88.8,3858.57,4002.07,Cloudy,Yes
10-06-2021,West,51.4,4526.25,4456.6,Cloudy,No
24-01-2023,Midwest,96.5,3925.27,4106.89,Rainy,No
11-09-2023,Midwest,30.7,3789.1,3637.85,Cloudy,Yes
18-05-2023,Northeast,28.2,4010.55,3817.86,Sunny,Yes
13-05-2021,Northeast,72.7,2860.22,3021.87,Rainy,No
12-01-2021,Midwest,95.4,4496.68,4324.14,Cloudy,No
18-06-2022,South,84.7,1813.75,2010.51,Sunny,No
17-07-2020,Northeast,26.1,1509.55,1690.11,Windy,No
17-10-2021,South,42.3,2142.04,1996.85,Cloudy,No
06-04-2019,Midwest,94.4,3126.31,3141.34,Sunny,No
24-10-2023,Midwest,40.2,3042.25,2916.22,Snowy,No
29-04-2020,West,82.5,4282.4,4253.66,Snowy,No
01-12-2022,Northeast,86,2618.27,2442.84,Sunny,Yes
19-08-2019,Midwest,59.6,2937.38,2826.95,Rainy,Yes
18-01-2021,West,50.9,1053.47,998.78,Rainy,Yes
06-08-2023,Northeast,56,2638.96,2614.42,Cloudy,No
09-04-2022,Midwest,38.2,3591.1,3782.1,Snowy,No
24-06-2020,Midwest,91.2,1062.03,1185.18,Rainy,Yes
25-11-2021,Northeast,56,2123.53,2218.49,Rainy,Yes
08-06-2020,Northeast,90.6,1831.83,1846.65,Snowy,No
29-03-2022,Northeast,28.5,1167.94,1303.94,Windy,Yes
19-09-2023,Midwest,99.1,2917.04,2852.77,Rainy,No
20-06-2022,Midwest,55.5,1726.89,1810.45,Sunny,No
14-01-2022,West,23.8,3972.33,4169.84,Cloudy,No
25-12-2023,South,23,4391.71,4317.56,Rainy,Yes
31-07-2020,Northeast,79.7,3182.34,3251.95,Rainy,Yes
12-11-2020,Midwest,72.7,4926.83,5064.56,Windy,No
10-07-2020,Midwest,84.2,2801.91,2968.23,Sunny,No
17-05-2023,Northeast,28.4,3053.47,3140.64,Cloudy,No
09-10-2021,South,22.8,4956.87,4870.31,Rainy,Yes
07-10-2020,Northeast,60.7,1926.19,1856.7,Cloudy,No
06-03-2021,South,51,4770.18,4578.48,Snowy,No
17-11-2021,Midwest,57,1171.35,1275.7,Rainy,No
02-07-2023,South,99.3,2785.55,2602.65,Rainy,No
29-04-2023,West,97.7,1280.01,1425.87,Snowy,Yes
25-09-2022,Midwest,95.4,3916.94,3764.4,Windy,Yes
27-12-2023,West,82.7,3433.64,3302.39,Rainy,No
16-09-2022,Northeast,48.4,3826.54,3817.15,Cloudy,No
22-07-2023,Northeast,53,2497.92,2593.07,Sunny,Yes
10-03-2023,Northeast,64,2477.93,2333.53,Cloudy,Yes
03-10-2022,South,86.4,1181.28,1157.31,Windy,No
05-02-2023,Midwest,25.5,2399.78,2392.92,Sunny,Yes
08-06-2022,Northeast,53.9,4717.15,4602.06,Cloudy,Yes
09-07-2019,Northeast,26.6,2516.91,2363.13,Cloudy,No
02-06-2022,Midwest,61.2,4325.47,4460.04,Snowy,No
09-11-2022,Northeast,91.9,4369.3,4370.29,Windy,No
01-11-2022,West,82.6,2492.96,2298.71,Snowy,Yes
30-07-2022,Midwest,38.2,3527.95,3649.14,Sunny,No
24-09-2020,Midwest,98.1,1381.49,1573.81,Snowy,No
19-09-2020,Midwest,73.4,1414.71,1457.08,Windy,No
30-08-2021,West,20.8,1194.63,1196.11,Rainy,No
04-11-2023,Midwest,40.4,3324.06,3475.43,Rainy,Yes
06-07-2022,West,40.9,2704.28,2885.29,Sunny,Yes
14-10-2022,Midwest,25.5,3192.13,3293.94,Rainy,Yes
10-12-2020,South,96.8,3084.29,3062.47,Snowy,Yes
19-01-2023,Northeast,58.3,2400.81,2437.7,Sunny,No
05-12-2022,South,91.7,3709.89,3790.26,Windy,No
10-10-2020,Northeast,45.8,4034.01,3911.72,Sunny,No
14-11-2019,West,30,1058.51,1037.39,Sunny,No
28-08-2023,South,57.9,1828.97,1960.9,Cloudy,Yes
02-06-2022,Midwest,29.1,3852.94,3914.83,Cloudy,No
11-06-2022,Northeast,58.9,2546.48,2510.96,Sunny,Yes
14-11-2020,Northeast,93.6,3649.94,3715.29,Rainy,Yes
25-10-2020,South,61.7,2387.85,2235.14,Cloudy,Yes
29-10-2022,West,69.3,2563.02,2523.62,Windy,No
23-08-2023,South,32.5,1634.72,1751.97,Snowy,No
20-06-2023,West,23.5,2032.92,1921.12,Cloudy,Yes
04-02-2023,West,28.9,3421.65,3296.03,Sunny,Yes
10-06-2022,Northeast,67.9,2732.65,2912.98,Rainy,No
12-09-2023,South,27.6,4097.21,3981.17,Snowy,Yes
10-02-2022,South,50.1,4410.34,4314.71,Cloudy,No
01-03-2023,West,64,3166.59,3354.44,Rainy,No
17-03-2020,South,51.1,4033.07,4126.95,Rainy,No
17-07-2020,Midwest,33.1,2227.62,2307.46,Rainy,No
15-07-2022,Midwest,41.9,2659.88,2801.05,Sunny,No
14-03-2023,South,94.3,3851.11,3697.44,Windy,No
10-11-2022,South,74.1,2544.85,2627.23,Rainy,No
11-11-2022,West,59.7,3354.02,3355.5,Snowy,No
10-02-2022,Midwest,21,1741.49,1873.15,Cloudy,Yes
25-06-2023,Midwest,99.4,3399.09,3402.35,Snowy,No
07-07-2023,Northeast,73.7,4446.05,4494.15,Sunny,No
09-08-2021,West,45.4,4474.56,4465.66,Sunny,No
09-01-2022,Northeast,90.3,3897.38,3888.64,Snowy,No
29-11-2020,Midwest,40.7,3983.01,4090.2,Windy,No
23-04-2019,West,63.5,3231.71,3283.14,Sunny,Yes
02-01-2019,South,70.9,3338.67,3391.98,Sunny,No
03-10-2020,West,37.7,1534.6,1514.71,Snowy,No
08-08-2019,South,98.3,2775.44,2787.88,Sunny,No
09-05-2023,South,79.9,2803.11,2901.4,Windy,No
04-05-2021,West,64.6,4833.99,4964.37,Windy,Yes
26-10-2023,South,34.4,2724.35,2802.97,Windy,No
02-06-2022,Northeast,24.3,3197.37,3367,Cloudy,Yes
20-01-2020,Midwest,45.6,3133.01,3261.14,Windy,Yes
27-11-2022,South,80.3,3547.05,3571.8,Windy,No
20-07-2023,Northeast,41.5,3992.93,4061.49,Cloudy,Yes
27-02-2022,South,63.2,1900.17,2070.69,Rainy,No
12-12-2021,Midwest,78.2,3114.9,3162.57,Sunny,Yes
04-09-2023,Northeast,28.6,4303.67,4433.59,Windy,Yes
30-12-2020,Midwest,74.8,2852.46,2927.98,Sunny,No
23-08-2023,Midwest,27.3,2113.83,2134.6,Snowy,No
30-09-2023,Northeast,97.2,3618.84,3515.58,Sunny,No
10-12-2022,Northeast,59.1,4295.07,4265.47,Cloudy,No
04-09-2019,Northeast,32.1,1252.56,1439.66,Sunny,No
15-04-2021,West,47.4,4107.16,4170.27,Sunny,Yes
02-01-2023,Northeast,53.1,4286.59,4312.35,Sunny,Yes
22-07-2019,Northeast,80.7,2846.09,3019.27,Rainy,Yes
22-04-2022,Northeast,79.5,4933.22,4967.82,Rainy,No
03-05-2019,Northeast,69,4146.83,4157.26,Snowy,No
05-02-2020,South,28.5,4094.65,4198.37,Cloudy,No
05-02-2021,West,32.1,3991.35,4076.42,Sunny,No
21-10-2019,Midwest,27.5,1602.43,1479.69,Sunny,No
07-10-2019,Northeast,66.2,1868.92,1857.44,Sunny,Yes
02-06-2021,South,90.2,2855.96,2844.97,Sunny,Yes
22-06-2023,South,54.7,2056.02,2007.31,Rainy,No
17-07-2019,South,32.9,2660.96,2667.88,Snowy,No
08-09-2021,Midwest,64.6,4553.86,4519.1,Windy,No
15-03-2023,Northeast,84.9,4297.31,4177.05,Cloudy,Yes
21-01-2021,West,79.3,3520.16,3485.11,Sunny,No
24-05-2019,West,90.5,4432.48,4261.39,Snowy,Yes
31-08-2020,South,42.2,4135.09,4165.4,Windy,Yes
09-05-2022,Midwest,35.5,2715.94,2857.4,Snowy,No
21-02-2022,Midwest,90.4,1804.26,1894.37,Rainy,Yes
06-07-2019,Midwest,72.6,3056.8,3000.96,Windy,No
11-09-2022,West,44.9,3944.92,3779.75,Snowy,Yes
08-04-2020,South,79.4,2745.68,2626.54,Rainy,No
04-10-2022,Northeast,85.2,3667.09,3685.29,Snowy,No
30-11-2023,West,69.2,1377.31,1260.13,Snowy,Yes
21-10-2020,South,75,3992.02,4009.61,Windy,No
02-02-2021,South,50,4250.85,4143.49,Rainy,Yes
12-08-2021,Northeast,63.1,3827.35,3966.92,Sunny,No
07-02-2020,Northeast,61.9,4869.05,4827.96,Cloudy,Yes
01-10-2022,Northeast,87.8,4306.61,4204.83,Windy,Yes
15-03-2023,Midwest,87.2,4612.37,4737.3,Rainy,Yes
27-05-2019,Northeast,86.6,4734.28,4671.42,Snowy,Yes
17-03-2022,South,20.9,4205.39,4049.99,Rainy,No
13-05-2021,Northeast,80,3697.04,3725.2,Cloudy,Yes
01-10-2023,South,80.7,1022.87,1055.5,Cloudy,Yes
03-05-2020,West,74.3,2863.3,2949.18,Sunny,No
17-07-2021,Midwest,80.5,3284.65,3180.74,Sunny,Yes
22-07-2023,West,87.4,2216.12,2193.63,Cloudy,No
04-07-2020,West,57.6,2272.42,2185.37,Windy,No
04-12-2019,South,60.2,4844.64,4677.02,Windy,No
21-05-2021,West,30,4566.84,4717.49,Snowy,No
02-10-2020,South,50.8,4396.72,4488.27,Sunny,No
08-12-2023,Northeast,71.5,2624.05,2544.64,Snowy,Yes
17-04-2020,Northeast,82.4,1054.79,1094.54,Sunny,No
31-05-2019,South,37.4,1320.89,1201.4,Cloudy,No
09-12-2022,Northeast,31,2248.79,2404.88,Windy,No
14-08-2022,Midwest,73,1062.97,908.93,Windy,No
23-06-2023,West,20.2,1068.6,870.13,Cloudy,No
20-09-2019,Midwest,34.3,4666.41,4667.21,Snowy,No
23-11-2023,West,22.3,3824.63,3857.88,Snowy,No
24-05-2019,Northeast,33.4,2235.82,2267.41,Rainy,No
12-12-2019,Midwest,34.5,1530.58,1352.38,Sunny,No
15-09-2020,Northeast,51,3046.54,2972.16,Snowy,Yes
13-10-2021,West,52.2,1021.38,1021.06,Cloudy,No
15-05-2023,South,89.9,4753.65,4640.28,Snowy,No
30-05-2021,South,60.8,2659.26,2808.31,Windy,Yes
02-01-2019,Midwest,77.9,2609.34,2444.18,Sunny,Yes
15-06-2021,Northeast,28.3,2562.37,2557.32,Rainy,No
20-08-2022,Northeast,38,1277.31,1353.88,Sunny,Yes
11-09-2019,Midwest,76.2,3553.29,3457.99,Windy,Yes
03-08-2023,South,24.2,3932.01,3981.71,Windy,No
28-03-2020,West,58.9,3704.5,3836.25,Windy,Yes
26-11-2021,Midwest,67.9,1553.74,1429.87,Windy,No
29-03-2022,West,68.2,3315.36,3482.25,Cloudy,Yes
11-10-2021,South,21.8,3277.94,3299.36,Rainy,Yes
09-01-2019,Northeast,45.8,4473.64,4393.33,Windy,No
10-06-2022,South,70.9,2516.51,2488.85,Windy,No
27-01-2022,Midwest,31.9,2485.94,2410.82,Snowy,Yes
10-08-2023,Northeast,75.6,3474.11,3564.15,Rainy,Yes
26-03-2021,Midwest,79.7,3532.29,3650.81,Sunny,No
27-07-2019,Midwest,98.6,2877.14,3010.31,Rainy,Yes
28-02-2022,South,36.8,2772.24,2966.55,Rainy,Yes
08-02-2020,Midwest,86,2976.59,3093.1,Rainy,Yes
01-06-2019,South,61.6,4444.18,4484.73,Windy,No
23-02-2019,Northeast,49.9,2844.67,2780.36,Windy,No
17-02-2022,South,29.8,4759.73,4777.57,Cloudy,No
24-08-2023,Northeast,78.8,3016.02,2832.45,Sunny,No
19-09-2020,South,38.9,4796.8,4894.73,Snowy,No
09-08-2020,West,49.7,4331.33,4309.71,Rainy,No
07-07-2023,West,25,2449.73,2257.74,Sunny,No
14-12-2022,Midwest,84.1,4454.57,4279.57,Sunny,Yes
16-12-2022,South,81.3,1440.25,1395.24,Cloudy,No
14-04-2019,South,78.7,4700.19,4733.56,Snowy,No
11-09-2019,Northeast,44,3526.57,3512.25,Rainy,No
04-06-2022,Midwest,33.9,1217.56,1265.24,Snowy,Yes
09-02-2022,South,71,3577.03,3569.15,Cloudy,Yes
24-05-2020,Midwest,59.7,4896.99,4961.67,Windy,No
05-02-2023,West,34.3,1279.2,1166.85,Sunny,No
09-04-2019,South,74.9,3218.75,3063.89,Rainy,No
02-06-2019,South,99.3,3991.18,4029.75,Windy,Yes
02-07-2021,Midwest,79.8,4241.03,4234.91,Cloudy,No
27-05-2021,South,79.2,2655.31,2466.06,Snowy,No
04-12-2019,Midwest,96,1816.67,1768.86,Sunny,No
26-09-2023,South,36.2,1169.37,1011.82,Rainy,No
01-04-2021,Northeast,65.2,3318.9,3331.44,Windy,No
01-04-2022,Midwest,98.4,2811.64,2769.95,Windy,No
10-10-2023,South,33.2,4794.98,4840.24,Sunny,No
14-08-2021,West,76,1242.42,1364.66,Snowy,No
01-09-2023,South,66.9,3741.58,3661.45,Cloudy,Yes
10-06-2019,West,66.9,1099.86,1284.7,Snowy,Yes
23-05-2023,West,75.8,1685.74,1699.99,Snowy,No
11-03-2021,Northeast,94.4,2814.32,2861.64,Snowy,No
02-02-2020,Midwest,82.6,2819.49,2891.76,Sunny,No
24-07-2022,South,24.5,3742.8,3809.49,Sunny,No
26-03-2021,Northeast,88.2,4640.85,4645.24,Cloudy,Yes
08-03-2023,South,38,3556.13,3527.64,Snowy,No
16-11-2022,West,50.2,4814.14,4635.65,Sunny,No
04-03-2022,Midwest,56.9,4526.46,4335.29,Cloudy,Yes
03-05-2022,South,58.5,3338,3281.18,Cloudy,Yes
05-02-2020,South,54.8,4335.17,4268.63,Snowy,No
01-10-2020,West,95,3570.31,3525.39,Rainy,Yes
22-11-2021,South,76.5,1314.23,1169.58,Snowy,No
18-11-2020,South,70.5,3962.26,4057.53,Rainy,Yes
04-04-2020,West,24,1379.63,1522.42,Cloudy,No
12-08-2021,Northeast,92.3,3376.33,3551.82,Sunny,No
14-04-2020,West,92.8,3810.56,3807.5,Windy,No
30-10-2022,Northeast,82.4,1266.11,1346.46,Cloudy,No
11-11-2021,Midwest,20.6,1923.18,2065.4,Sunny,No
19-01-2021,Northeast,24.6,4662.69,4630.01,Cloudy,Yes
21-08-2023,Northeast,38,3465.26,3389.03,Snowy,Yes
07-02-2019,Midwest,30.5,1985.14,2159.83,Rainy,No
18-08-2019,Northeast,51.9,3762.72,3768.99,Cloudy,No
20-10-2022,West,93.8,3387.11,3386.01,Sunny,No
16-07-2020,Northeast,57.8,3006.3,2877.67,Snowy,Yes
13-03-2020,Midwest,21.1,4904.75,4748.01,Windy,Yes
05-12-2023,West,42.6,3733.82,3870.66,Snowy,Yes
30-07-2022,Midwest,23.6,2501.76,2547.41,Rainy,No
27-01-2019,Midwest,22.9,4200.29,4130.62,Snowy,No
14-08-2019,South,42.1,4538.33,4415.02,Windy,No
24-07-2022,South,42,1500.88,1523.08,Sunny,No
08-03-2021,Midwest,83,1802.21,1835.78,Cloudy,Yes
21-06-2023,Midwest,98,1864.91,1747.71,Rainy,Yes
11-10-2019,Midwest,49.7,3764.85,3905.41,Windy,Yes
28-05-2021,South,54.3,3412.16,3245.87,Rainy,No
17-08-2021,South,87.6,3475.97,3418.41,Snowy,Yes
13-02-2023,Northeast,41.5,4763.09,4835.24,Rainy,No
28-03-2020,Northeast,32.5,4103.65,4013.3,Windy,Yes
16-10-2021,Midwest,88.2,1511.75,1642.82,Cloudy,No
26-03-2021,West,23.7,2390.03,2485.98,Cloudy,No
20-10-2020,West,69.6,2741.57,2857.18,Rainy,No
20-03-2023,South,65,2583.85,2431.49,Sunny,No
30-06-2020,South,47.7,3677.23,3533.45,Rainy,No
30-04-2022,South,45.2,4567.57,4482.16,Snowy,Yes
08-12-2021,Midwest,81.7,2224.21,2231.44,Cloudy,No
16-03-2023,West,26.9,3207.51,3306.72,Cloudy,No
17-01-2019,Northeast,38.9,4157.64,4292.25,Cloudy,Yes
10-04-2022,Midwest,78.6,2664.87,2746.6,Sunny,Yes
28-05-2022,Northeast,63.9,1672.47,1843.91,Sunny,No
07-06-2019,Northeast,30.2,2899.8,2995.3,Windy,No
21-04-2020,Midwest,90.6,1220.89,1143.4,Rainy,No
05-12-2021,Northeast,51.5,4769.53,4675.56,Rainy,No
28-10-2022,West,86.2,1299.28,1377.76,Snowy,Yes
01-06-2020,Northeast,83,2753.83,2630.98,Cloudy,Yes
09-04-2019,West,70,3119.53,2956.62,Sunny,No
04-11-2023,West,59.6,4941.22,4954.11,Snowy,Yes
26-11-2021,West,98.4,1664.09,1792.75,Snowy,No
07-10-2019,South,31.6,1457.73,1298.28,Sunny,No
04-10-2022,Northeast,78,1034.82,1151.58,Rainy,Yes
11-05-2020,Midwest,35.3,1622.29,1746.92,Cloudy,No
29-10-2019,Midwest,47.1,1829.09,1822,Rainy,Yes
30-06-2019,Northeast,44.7,3522.32,3345.24,Snowy,No
29-08-2020,South,95.8,1878.83,1748.67,Cloudy,Yes
27-01-2022,South,97.4,1082.08,1165.05,Windy,No
30-11-2020,West,34.6,4306.47,4391.18,Snowy,Yes
19-09-2021,Northeast,21.8,2462.38,2621.72,Rainy,No
13-02-2022,Northeast,77.6,2414.79,2447.86,Rainy,No
10-07-2019,Midwest,53.4,2209.92,2059.56,Rainy,Yes
10-09-2019,Northeast,27.1,4901.49,4750.06,Sunny,No
07-09-2021,South,74.7,1680.46,1768.91,Snowy,Yes
16-07-2021,Northeast,63.6,4592.95,4466.46,Cloudy,No
30-03-2022,Midwest,98.4,4107.21,4038.56,Rainy,Yes
03-07-2022,West,38.2,1305.92,1300.8,Rainy,No
08-09-2022,Midwest,52.3,4946.92,4756.83,Sunny,Yes
08-05-2019,Midwest,63.4,2085.46,1984.99,Cloudy,No
18-01-2019,West,83.3,1394.33,1357.49,Snowy,Yes
22-12-2023,Midwest,63.9,4317.26,4229.11,Windy,No
25-10-2023,Midwest,69,3826.7,3681.25,Sunny,Yes
19-07-2020,Northeast,38.1,3468.88,3560.08,Snowy,No
23-07-2020,Northeast,87.8,1623.92,1749.18,Windy,No
08-09-2022,West,54.3,2913.98,2816.97,Rainy,Yes
16-11-2020,Northeast,31.3,4122.22,4231.99,Rainy,No
21-12-2023,Northeast,73.1,2214.5,2168.72,Cloudy,Yes
17-09-2020,Midwest,37.3,2246.76,2249.43,Windy,Yes
04-08-2022,South,27.8,1012.56,1154.96,Rainy,No
03-05-2021,Northeast,89,1696.97,1796.95,Rainy,No
14-08-2023,South,56.8,4501.62,4623.67,Cloudy,No
19-08-2021,Northeast,79.9,2766.99,2621.73,Snowy,Yes
21-07-2023,Northeast,43.2,4936.94,4764.83,Rainy,Yes
04-06-2019,West,83,2582.83,2740.19,Sunny,Yes
04-05-2020,West,29,3860.75,3815.88,Sunny,No
10-11-2022,West,48.5,2127.68,2042.83,Snowy,No
23-02-2021,South,98.2,2455.24,2545.12,Windy,No
01-02-2022,Midwest,83.5,1762.9,1897.47,Cloudy,Yes
17-11-2022,Northeast,59.8,2388.25,2533.25,Sunny,Yes
03-09-2019,Northeast,47.2,3188.95,3115.35,Sunny,Yes
14-04-2022,Northeast,89.8,4967.09,5107.97,Snowy,Yes
28-11-2021,South,63.6,3656.81,3473.18,Windy,Yes
09-02-2023,West,80.7,1796.98,1616.84,Windy,No
02-09-2023,Midwest,80.3,1179.85,1229.26,Snowy,No
28-01-2021,South,21.4,1505.43,1330.67,Sunny,No
21-06-2020,West,30.1,3250.22,3180.06,Cloudy,No
09-07-2021,South,72.8,4060.64,4129.74,Sunny,Yes
12-02-2020,Midwest,32.9,4761.68,4696.59,Windy,No
08-06-2020,West,40.4,1063.29,935.13,Sunny,Yes
07-04-2021,South,95.7,3091.04,3003.58,Cloudy,No
10-03-2023,Midwest,64.8,2883.47,2866.5,Rainy,No
21-06-2021,Northeast,80.1,3624.22,3614.37,Sunny,Yes
05-02-2019,Midwest,64.6,3238.32,3351.52,Snowy,No
15-11-2020,Northeast,64.2,3748.16,3848.22,Rainy,Yes
20-01-2019,South,27.5,3632.33,3615.06,Snowy,No
17-11-2019,West,47.5,1468.05,1606.32,Snowy,No
05-12-2023,West,42.6,4198.87,4044.56,Snowy,Yes
26-05-2020,South,51.3,1492.93,1395.07,Sunny,No
04-02-2020,West,83.9,3794.12,3925.31,Windy,No
15-10-2020,West,49.8,2664.58,2615.78,Rainy,No
29-08-2021,Northeast,56.1,3055.4,3247.87,Cloudy,Yes
15-04-2020,South,51.8,4613.19,4599.69,Windy,No
12-03-2022,Midwest,27.5,4559.53,4676.3,Sunny,Yes
20-01-2022,Northeast,55.3,4271.43,4232.35,Snowy,Yes
09-10-2022,South,35.6,3040.59,3010.57,Cloudy,Yes
13-04-2021,Northeast,34.9,3944.96,3898.11,Rainy,Yes
29-12-2023,Midwest,27.5,3051.59,3139.22,Windy,Yes
27-12-2020,Midwest,48.5,4478.42,4497.43,Windy,No
03-05-2021,South,80.6,2611.1,2788.61,Cloudy,Yes
20-02-2019,Midwest,42.1,4880.94,4781.3,Sunny,Yes
16-08-2023,Northeast,45,4729.29,4569.52,Rainy,Yes
18-09-2023,Midwest,71.4,3966.41,3923.71,Cloudy,No
28-07-2020,Northeast,35.7,2117.66,2164.35,Snowy,No
28-04-2022,Northeast,91.8,1526.61,1670.93,Rainy,Yes
22-02-2022,Midwest,61.6,4418.81,4357.29,Windy,Yes
30-05-2019,South,55.8,1661.21,1722.72,Cloudy,Yes
10-11-2019,West,64.6,4417.04,4357.12,Windy,Yes
23-07-2020,Midwest,33.3,2963.06,3009.95,Windy,Yes
27-09-2022,Northeast,69.1,2626.23,2780.15,Windy,No
01-11-2019,Northeast,49,4612.76,4505.3,Sunny,Yes
12-09-2023,Midwest,91.8,3415.4,3377.1,Windy,No
12-11-2020,South,33.5,3306.46,3503.77,Snowy,Yes
17-04-2021,South,60.6,3235.06,3382.48,Snowy,No
12-12-2023,Northeast,67.8,2484.68,2510.54,Rainy,No
13-12-2021,Northeast,22.7,4142.57,4149.22,Windy,No
29-09-2021,South,49.1,2011.19,1925.03,Windy,Yes
19-03-2020,West,78.6,4755.58,4762.46,Cloudy,Yes
04-09-2020,Midwest,85.6,4575.94,4715.21,Sunny,No
19-09-2021,Northeast,45.1,2349.92,2423.99,Rainy,No
21-09-2019,Northeast,83.9,3917.86,3833.88,Windy,No
12-12-2021,South,97.4,3292.89,3173.48,Cloudy,No
15-05-2023,Midwest,88.5,2350.6,2256.68,Sunny,No
30-09-2021,South,29.4,4954.09,4821.99,Rainy,Yes
02-07-2023,Midwest,79.2,1100.95,939.21,Rainy,No
05-01-2019,Midwest,45.6,2010.58,1978.23,Windy,Yes
31-01-2022,Midwest,99.1,3080.3,2925.62,Rainy,Yes
04-05-2022,Northeast,58.8,3087.81,2956.58,Cloudy,No
12-02-2021,West,29.8,3355.73,3374.66,Rainy,Yes
26-05-2021,South,78,4006.7,3872.54,Snowy,No
18-09-2021,West,45.8,3493.91,3319.46,Cloudy,Yes
02-06-2021,South,99.8,3401.13,3328.09,Sunny,No
05-10-2022,Midwest,98.4,1214.06,1102.19,Sunny,No
16-02-2019,Northeast,72.5,2506.12,2512.24,Windy,No
16-05-2021,West,30.4,1928.22,1769.17,Windy,Yes
02-04-2021,Northeast,74.9,2061.48,2162.19,Snowy,No
24-07-2021,South,27.4,3217.35,3379.84,Sunny,No
17-10-2020,Northeast,22.3,1798.02,1895.39,Sunny,No
26-09-2019,Northeast,85.8,2175.8,2188.93,Sunny,Yes
05-01-2020,West,36.8,1948.34,2092.61,Sunny,No
27-09-2020,Midwest,50.3,4794.01,4871.98,Rainy,No
03-02-2022,Northeast,97.9,4778.66,4582.88,Cloudy,No
21-08-2023,Midwest,46.9,3439.77,3397.41,Cloudy,No
10-08-2023,South,43.7,4698.09,4838.47,Snowy,No
18-10-2020,Northeast,93.5,4143.25,4081.59,Rainy,Yes
30-04-2019,West,28.9,3359.79,3173.88,Sunny,Yes
10-04-2021,South,80.8,1025.74,1124.21,Sunny,Yes
16-12-2023,South,99,4090.07,4210.89,Windy,No
16-06-2023,West,92.1,3809.95,3674.19,Windy,No
17-12-2021,Northeast,72.1,3461.01,3475.95,Snowy,Yes
01-10-2022,Northeast,45.1,4041.7,3918.48,Sunny,No
10-01-2021,South,40.3,3051.69,3139.38,Snowy,No
06-02-2023,Northeast,85.5,3816.33,3724.95,Rainy,No
27-04-2019,Midwest,90.4,4740.69,4667.18,Cloudy,Yes
01-03-2021,West,62,2503.22,2641.21,Sunny,Yes
24-02-2022,Midwest,39.5,3832.49,3823.02,Rainy,Yes
17-11-2022,Northeast,29,2902.75,2970.65,Sunny,Yes
09-10-2021,South,27,3697.6,3658.55,Windy,Yes
23-07-2023,West,77.5,4051.57,3970.77,Snowy,Yes
17-12-2021,Northeast,53.6,1181.81,1232,Windy,No
25-09-2020,Northeast,92.4,3586.4,3448.34,Cloudy,Yes
27-05-2020,South,79.2,1906.96,1856.16,Windy,No
10-11-2023,South,35.3,3680.13,3563.74,Sunny,Yes
12-03-2021,Midwest,69.1,2873.32,2951.64,Windy,Yes
24-01-2022,West,54.8,4094.21,4271.89,Sunny,Yes
20-07-2023,West,66.2,1493.6,1691.8,Cloudy,Yes
15-02-2022,South,79,3505.29,3485.4,Windy,No
13-07-2020,Midwest,84.5,2113.88,2014.89,Snowy,Yes
13-06-2023,West,87.5,4411.93,4389.06,Snowy,No
02-05-2020,South,40.3,4713.53,4852.44,Snowy,No
14-06-2022,Northeast,22.5,4985.59,4867.99,Windy,No
15-06-2021,West,79.1,4184.03,4364.87,Windy,No
19-07-2022,Midwest,28.5,4014.94,3951.69,Windy,No
27-04-2022,Midwest,45.2,1862,2056.32,Sunny,Yes
04-12-2020,Midwest,20.3,2344.03,2479.47,Cloudy,No
10-01-2023,Northeast,74.5,2862.73,2986.16,Snowy,Yes
03-08-2020,West,33.4,4093.52,4020.68,Sunny,Yes
28-02-2021,West,72.4,4659.86,4463.37,Snowy,No
10-05-2021,Northeast,99.3,1756.56,1709.41,Sunny,No
04-09-2019,West,25.8,4689.47,4610.19,Windy,No
04-01-2022,Northeast,26.2,3782.5,3597.46,Snowy,Yes
03-06-2019,Northeast,47.2,3443.08,3445.23,Windy,No
07-08-2023,Northeast,89.3,1799.37,1760.58,Snowy,Yes
29-12-2022,Midwest,37.2,1222.1,1275.92,Rainy,Yes
23-09-2021,West,48.8,3273.86,3322.33,Sunny,Yes
14-01-2022,Northeast,25.5,3606.06,3454.36,Rainy,No
27-11-2020,West,81.1,1843.13,2033.92,Sunny,Yes
01-08-2022,Midwest,52.7,3225.82,3100.59,Cloudy,No
28-05-2022,Northeast,80.7,4425.97,4404.08,Snowy,No
28-12-2021,South,92.3,4340.26,4335.51,Cloudy,No
06-12-2021,Midwest,38.6,4709.42,4834.65,Cloudy,No
05-10-2021,South,84.6,2463.54,2303.23,Sunny,No
04-04-2019,West,24.7,2272.2,2243.66,Rainy,No
09-11-2023,West,91.9,3997.7,4049.1,Windy,No
15-08-2021,Midwest,72.1,2724.45,2610.51,Sunny,Yes
08-10-2021,West,89.9,1350.19,1401.18,Windy,No
28-03-2020,South,20,2131.2,2300.67,Cloudy,No
12-05-2022,Northeast,33.5,2674.33,2873.34,Windy,Yes
30-06-2021,Northeast,51.2,2170.07,1983.05,Rainy,Yes
06-08-2019,Northeast,50.4,2328.82,2223.06,Sunny,No
18-04-2020,Midwest,38.1,2175.1,2099.22,Rainy,Yes
07-03-2020,West,50.5,1166,1125.65,Rainy,No
07-12-2019,South,30.3,3548.38,3445.28,Sunny,Yes
04-07-2020,West,53,3389.17,3270.57,Rainy,No
24-06-2023,West,84.2,3613.53,3795.35,Snowy,Yes
05-08-2022,West,58.3,1769.24,1936.65,Snowy,No
01-07-2022,Northeast,21.4,2182.62,2001.42,Snowy,No
24-10-2023,South,53.7,3478.46,3413.99,Windy,No
23-12-2019,South,22.2,3398.51,3360.57,Rainy,No
23-01-2019,West,97.3,3025.32,2920.93,Sunny,Yes
21-11-2023,Northeast,30.2,2401.65,2453.2,Sunny,Yes
05-06-2020,Northeast,76.6,4651.72,4707.87,Windy,Yes
17-11-2023,South,97.8,2359.08,2499.28,Sunny,No
28-01-2022,Northeast,86.1,2822.48,2918.83,Snowy,Yes
12-03-2021,Northeast,75.9,3712.46,3729.49,Rainy,Yes
18-04-2022,Northeast,87.2,3172.09,3233.52,Sunny,No
31-05-2022,Midwest,98.5,2387.54,2297.14,Sunny,No
31-01-2021,West,69.7,2742.58,2779.8,Cloudy,No
10-08-2023,South,64.7,4177.92,4173.61,Cloudy,Yes
17-03-2020,South,70.3,2112.52,1965.86,Cloudy,Yes
20-06-2023,Midwest,62.6,1569.02,1466.04,Rainy,No
07-02-2021,West,70.8,2252.65,2169.33,Snowy,Yes
12-10-2021,South,56,4398.14,4567.86,Snowy,No
10-09-2022,Northeast,37.5,1355.96,1248.11,Snowy,No
30-05-2020,South,29.6,4966.78,4882.48,Rainy,No
05-11-2021,Northeast,25.5,3164.01,3111.75,Rainy,Yes
02-03-2021,Midwest,41.1,4939.38,5004.88,Cloudy,No
02-12-2019,Northeast,23.7,4755.99,4603.29,Sunny,No
18-11-2023,South,65.4,2811.25,2992.83,Windy,No
15-09-2019,South,42.7,1793.96,1940.19,Windy,Yes
11-05-2020,South,86,1659.54,1690.43,Sunny,Yes
14-06-2021,Midwest,25.9,1959.96,2029.58,Cloudy,Yes
09-06-2019,Midwest,38.1,3840.53,3647.19,Sunny,No
07-02-2023,West,78.4,2091.8,2027.38,Sunny,No
01-05-2021,South,67.9,2365.7,2483.96,Windy,Yes
15-08-2023,Northeast,25.2,2795.12,2626.11,Cloudy,No
20-11-2020,Midwest,90.2,4652.93,4565.86,Rainy,Yes
26-08-2023,South,90.2,1757.57,1791.69,Windy,No
15-01-2020,South,46.4,1020.11,922.68,Rainy,No
18-04-2023,Midwest,47.2,1240.39,1413.98,Cloudy,Yes
14-08-2021,West,99.1,4619.07,4471.49,Sunny,Yes
21-11-2020,Midwest,70.1,3590.07,3709.03,Snowy,Yes
21-12-2022,Midwest,62.5,2092.16,2095.34,Snowy,No
25-06-2023,Northeast,87.1,1708.77,1808.9,Cloudy,No
15-07-2022,Northeast,42.8,2177.07,2101.36,Snowy,No
20-05-2023,West,54.3,1459.19,1464.99,Rainy,Yes
11-12-2022,South,41.4,4766.13,4908.86,Snowy,No
06-04-2022,Midwest,83.1,4136.82,4123.57,Cloudy,Yes
02-12-2021,West,65.9,2849.56,2793.45,Cloudy,No
29-04-2023,Northeast,72.7,4459.85,4474.31,Rainy,Yes
12-10-2019,Midwest,40.2,1997.83,2084.78,Snowy,No
01-02-2020,South,37.6,3868.48,3845.91,Snowy,No
12-01-2019,Northeast,59.1,4424.53,4600.08,Sunny,No
19-06-2023,Northeast,79,2427.07,2345.05,Windy,No
18-08-2022,Northeast,62,4029.86,4020.05,Cloudy,Yes
30-06-2022,West,22.6,2180.29,2283.06,Sunny,Yes
13-05-2020,South,89.5,2195.43,2271.08,Cloudy,No
23-01-2021,Midwest,25.2,1428.23,1573.69,Sunny,Yes
04-02-2019,West,96.5,2760.23,2958.95,Windy,Yes
27-12-2020,West,22,3918.85,3889.59,Sunny,No
28-04-2021,West,75.6,4760.88,4605.34,Cloudy,No
31-03-2019,Northeast,26.6,3415.19,3227.36,Snowy,Yes
14-02-2021,South,92.9,4452.54,4543.29,Cloudy,Yes
27-08-2020,West,57.2,4289.98,4439.59,Rainy,Yes
27-08-2021,Midwest,31,1693.37,1581.66,Rainy,No
14-06-2023,South,47.3,2943.27,2806.65,Rainy,No
18-10-2021,Midwest,33.2,1467.69,1292.57,Rainy,No
22-02-2020,South,33.6,3728.61,3857.69,Windy,No
25-04-2019,Midwest,95.8,4799.6,4724.15,Snowy,Yes
08-09-2020,Northeast,55.6,1548.36,1509.04,Snowy,No
04-05-2022,West,83.1,3935.53,3936.63,Cloudy,No
05-04-2021,Midwest,71.2,3528.95,3664.73,Sunny,Yes
05-03-2023,South,74.1,3334.42,3394.75,Cloudy,No
08-07-2023,West,30.5,2560.48,2606.51,Cloudy,No
25-02-2023,West,38.7,2420.53,2290.8,Cloudy,No
03-01-2022,South,82.9,1181,1186.28,Cloudy,No
17-02-2020,Midwest,97.7,1871.63,1957.78,Snowy,Yes
31-10-2022,Northeast,41,1060.71,1250.01,Sunny,Yes
14-12-2022,Northeast,41.7,3325.67,3206.23,Cloudy,No
29-12-2020,Midwest,57.8,1423.41,1227.23,Snowy,Yes
24-07-2022,West,98.7,4492.08,4322.2,Cloudy,No
17-10-2021,West,41.5,3092.57,3042.91,Rainy,No
30-01-2021,West,52.6,3798.76,3926.98,Cloudy,No
06-11-2020,West,91.3,2643.43,2446.29,Cloudy,No
18-11-2022,Midwest,20.2,3242.32,3225.01,Windy,No
01-04-2020,West,23.2,4770.64,4702.33,Rainy,No
08-07-2021,South,68.3,1330.94,1151.93,Sunny,No
11-07-2019,West,92.6,2015.75,1995.84,Cloudy,Yes
08-01-2021,Northeast,39.1,4119.95,4021.85,Sunny,Yes
09-09-2023,West,57.6,1394.95,1335.7,Rainy,Yes
27-01-2022,Midwest,56,1302.64,1384.89,Cloudy,Yes
21-04-2023,Northeast,57.8,2446.17,2454.79,Windy,Yes
04-09-2021,Midwest,69.8,1368.67,1218.53,Snowy,Yes
05-10-2021,Midwest,57.6,3340.31,3524.88,Windy,No
06-04-2019,Northeast,55.8,1905.1,1959.46,Windy,No
15-08-2023,Midwest,57.9,4582.79,4689.14,Snowy,Yes
24-10-2020,Midwest,67.3,4134,3965.69,Snowy,No
28-04-2022,West,63,3798.82,3617.64,Snowy,No
26-10-2023,South,88.3,3467.78,3275.56,Cloudy,Yes
06-02-2019,Midwest,24,4453.86,4329.38,Sunny,No
09-12-2023,Midwest,86.7,1892.25,1858.01,Sunny,No
24-10-2022,Midwest,87.5,4492.44,4666.77,Snowy,Yes
15-09-2023,West,42.8,4157.97,4140.79,Windy,No
29-03-2023,South,57,3992.64,3908.74,Rainy,Yes
06-10-2019,Northeast,55.1,3245.02,3269.79,Snowy,No
05-08-2019,West,37.5,1984.98,1829.75,Windy,Yes
16-05-2021,West,51.7,2694.19,2737.99,Windy,No
22-05-2021,South,23.6,4174.28,4201.65,Cloudy,No
27-12-2023,South,42.2,1127.11,1243.91,Cloudy,No
20-07-2022,West,85.3,4128.2,4322.88,Sunny,Yes
03-03-2019,Northeast,42.8,1960.28,1860.63,Sunny,No
18-08-2020,West,85.5,1577.24,1581.1,Rainy,No
29-12-2020,South,62.5,1462.81,1626.36,Rainy,No
27-09-2022,Northeast,90.4,1109,1223.08,Rainy,No
01-02-2020,South,66,3094.35,3089.31,Rainy,No
29-11-2020,Northeast,22.4,1873.04,2051.19,Windy,No
08-11-2021,Midwest,74,4957.73,4780.62,Windy,No
26-06-2019,South,23.6,3297.75,3470.15,Sunny,No
24-06-2023,South,56,1551.54,1371.74,Cloudy,No
31-01-2020,West,94.4,3755.05,3773.97,Cloudy,No
20-03-2020,South,33.2,4590.97,4747.15,Snowy,Yes
10-06-2022,South,51.2,3980.72,3885.81,Windy,No
17-03-2019,Midwest,78.4,1305.76,1294.66,Rainy,No
22-09-2019,South,90.6,4583.54,4513.27,Rainy,Yes
30-03-2020,Midwest,73.7,4175.72,4356.58,Snowy,No
25-12-2023,Midwest,40.7,1633.22,1762.68,Cloudy,No
18-12-2020,Midwest,74,1207.14,1290.74,Rainy,Yes
04-01-2021,Midwest,43.7,3229.24,3264.29,Cloudy,No
08-11-2022,Northeast,77.5,1624.14,1752.38,Snowy,Yes
07-05-2023,West,96.3,4338.36,4295.27,Cloudy,Yes
30-04-2021,Northeast,77.7,2433.34,2412.36,Cloudy,No
10-03-2023,South,89,4651.57,4743.57,Cloudy,Yes
22-10-2022,Northeast,20.2,3262.75,3205.85,Rainy,Yes
24-05-2019,Northeast,77.4,1730.69,1556.25,Sunny,No
03-06-2021,South,86.4,1558.4,1388.13,Windy,Yes
28-12-2021,South,23.2,3305.89,3152.04,Cloudy,No
27-01-2022,South,89.7,4047.53,4195.4,Cloudy,No
31-01-2020,Northeast,40.5,4126.02,4114.91,Cloudy,Yes
14-11-2021,Northeast,73.2,2103.03,2188.18,Sunny,Yes
05-08-2021,South,84,1816.99,1774.15,Snowy,No
09-06-2021,West,73,1067.03,970.51,Rainy,No
01-02-2023,West,27.4,3716.8,3655.68,Sunny,Yes
16-02-2023,Midwest,67.7,1306.27,1423.94,Cloudy,No
08-05-2023,South,64,2683.04,2733.13,Sunny,Yes
20-03-2022,Midwest,92,3406.73,3581.79,Sunny,No
13-03-2022,West,52.3,4748.44,4820.32,Sunny,Yes
22-07-2020,Midwest,45.7,2247.21,2275.28,Snowy,Yes
28-11-2021,South,80,1999.09,2043.17,Windy,Yes
19-04-2019,South,53,3616.64,3793.59,Rainy,No
13-09-2023,South,71.7,3476.96,3592.24,Snowy,No
01-12-2021,Northeast,71.7,2328.44,2138.06,Snowy,No
24-04-2022,Midwest,91,4712.41,4726.07,Windy,Yes
23-07-2021,West,67.9,4379.45,4454.79,Snowy,Yes
02-02-2020,West,60.2,1895.93,1995.41,Sunny,Yes
31-05-2022,West,31.1,1956.57,1841.83,Sunny,No
25-09-2020,Northeast,29.3,3049.2,3196.07,Cloudy,No
02-03-2022,Northeast,32.3,4094.29,4276.63,Snowy,No
01-04-2022,South,33.7,1176.16,1070.85,Cloudy,Yes
23-05-2022,West,71,3773.34,3926.39,Rainy,No
02-01-2021,Northeast,79.3,3592.94,3431.73,Sunny,Yes
23-08-2019,South,62.4,1925.92,1748.2,Rainy,No
19-10-2020,West,86.3,3725.41,3577.1,Windy,Yes
20-01-2021,Midwest,99.3,4760.73,4583.83,Sunny,No
10-08-2020,South,85.6,1187.14,1325.14,Rainy,Yes
29-10-2021,Northeast,75.6,2278.61,2102.23,Windy,No
02-01-2022,Northeast,62.6,2752.71,2661.38,Rainy,No
11-08-2021,South,55.9,4597.04,4438.54,Windy,No
06-05-2020,South,26.8,4849.05,4767.22,Windy,No
01-07-2021,Northeast,51.9,2776.46,2612.68,Sunny,No
30-06-2022,Midwest,92.8,4000.11,4067.31,Cloudy,No
07-06-2022,West,84.6,3126.64,2979.97,Windy,No
23-03-2023,Midwest,37.3,3151.13,3291.87,Windy,Yes
12-04-2022,South,57.3,2112.4,2239.28,Sunny,No
04-08-2023,Midwest,85.3,1867.82,1673.28,Cloudy,No
06-04-2022,Northeast,25.4,2152.02,2310.31,Snowy,Yes
19-06-2019,South,51,3225.31,3036.89,Snowy,No
17-11-2022,West,88.1,1116.62,1012.48,Cloudy,Yes
03-08-2021,Northeast,52.3,4629,4441.96,Rainy,Yes
05-03-2021,Northeast,26.2,1625.13,1559.47,Sunny,Yes
25-09-2020,West,63.4,1880.35,1885.9,Cloudy,Yes
02-05-2022,West,88.9,3073.1,3191.76,Snowy,No
21-03-2023,Midwest,67.2,3840.46,3775.65,Windy,No
29-01-2019,South,38.1,1382.92,1465.12,Snowy,No
03-04-2022,West,50.7,2270.78,2145.78,Windy,No
16-12-2022,West,56,4874.7,4974.94,Sunny,Yes
05-12-2019,South,66.3,2049.37,1943.77,Windy,No
30-07-2023,West,80.7,2252.2,2109.62,Cloudy,No
28-02-2023,West,27.9,4345.99,4220.15,Windy,No
20-10-2022,Midwest,91.2,1200.86,1073.69,Rainy,No
27-09-2022,Northeast,21,2858.45,2863.6,Cloudy,No
14-05-2020,Northeast,49.6,2518.47,2656.39,Sunny,No
08-08-2023,Northeast,22.2,2266.35,2098.19,Cloudy,No
25-05-2020,Northeast,51.4,2142.8,2225.58,Rainy,Yes
12-09-2022,West,62.1,1365.5,1427.24,Sunny,Yes
05-08-2019,South,60.9,2259.3,2408.31,Snowy,No
17-08-2022,South,33.3,1172.21,1069.87,Rainy,No
01-03-2022,Midwest,71.7,4123.86,4103.9,Sunny,No
29-12-2021,Midwest,23.6,2592.91,2763.24,Windy,No
29-06-2022,West,81,2775.62,2839.62,Cloudy,Yes
09-12-2022,South,95.7,4574.38,4529.89,Sunny,Yes
16-12-2023,South,47.2,3632.22,3484.78,Cloudy,No
20-03-2020,Northeast,61.4,1032.24,937.23,Windy,No
25-05-2021,West,50.3,4772.7,4805.19,Sunny,Yes
20-04-2022,West,20.5,1948.58,2035.85,Snowy,No
16-06-2019,Northeast,50.9,1430.46,1280.23,Rainy,No
01-04-2019,West,83.3,4072.51,4112.35,Sunny,No
14-12-2020,West,67.7,3001.91,3022.05,Windy,No
04-04-2023,Midwest,28.1,2735.08,2740.66,Sunny,Yes
08-02-2019,South,87.8,1998.01,2074.06,Cloudy,No
23-02-2022,West,62.5,3189.89,3324.87,Sunny,No
14-01-2023,Midwest,87.3,2097.54,2026.74,Snowy,No
22-06-2019,South,66.4,4606.33,4761.93,Sunny,Yes
14-10-2020,Northeast,64.8,1860.82,1725.07,Rainy,No
23-01-2021,Midwest,28.4,4537.42,4406.63,Sunny,Yes
28-05-2022,Midwest,33.4,3237.62,3144.33,Cloudy,Yes
20-07-2023,South,97.8,4313.95,4161.76,Sunny,No
17-12-2021,Northeast,38.3,3851.38,3743.51,Snowy,Yes
11-08-2023,Midwest,98.2,3786.78,3629.34,Windy,No
20-04-2020,West,62.6,2297.38,2426.08,Sunny,Yes
31-03-2020,West,30.9,1935.59,1791.18,Sunny,No
08-04-2021,West,27.9,1843.54,1942.46,Rainy,Yes
13-06-2021,Northeast,36.7,4428.77,4247.94,Snowy,Yes
16-10-2022,Midwest,94.1,4281.71,4461.12,Windy,Yes
21-10-2021,West,53.1,2762.29,2846.75,Cloudy,No
22-01-2020,Northeast,51.6,1529.62,1332.34,Sunny,No
14-12-2019,West,45.1,2529.01,2634.55,Windy,Yes
09-07-2019,South,31.8,3477.37,3483,Cloudy,No
19-05-2020,Midwest,59,2817.61,2929.36,Snowy,No
29-04-2022,Midwest,30.4,4120.76,4129.76,Snowy,No
12-03-2023,Northeast,86.8,4990.49,5046.9,Windy,Yes
24-10-2022,Northeast,49.6,1764.53,1879.06,Cloudy,No
03-12-2022,Midwest,50,2838.6,2800.64,Snowy,Yes
03-04-2021,West,57.9,2723.94,2525.02,Windy,Yes
17-07-2021,West,55.5,2217.97,2357.95,Snowy,No
22-07-2021,South,99.6,1792.38,1744.74,Snowy,No
14-02-2022,West,63.6,1262.77,1261.19,Snowy,Yes
14-05-2019,Northeast,27.1,4548.48,4351.59,Rainy,Yes
27-02-2019,Northeast,68.6,2679.39,2676.23,Cloudy,No
29-04-2023,West,32.1,2987.58,3182.17,Windy,No
15-11-2020,Northeast,22.5,4667.77,4579.08,Windy,Yes
02-11-2020,Midwest,97.7,4105.16,4063.33,Cloudy,No
22-06-2019,Midwest,81.9,1522.01,1596.89,Cloudy,Yes
25-03-2021,West,98.4,3261.68,3387.6,Cloudy,Yes
18-03-2022,Midwest,58.2,2769.01,2735.97,Cloudy,No
21-03-2019,Midwest,62.6,4188.84,4112.71,Sunny,Yes
04-06-2021,South,33.5,3896.93,4072.06,Windy,Yes
21-05-2022,South,39.8,3761.62,3832.48,Sunny,No
22-07-2019,Midwest,87.1,2362.18,2209.79,Snowy,No
02-02-2021,West,48.5,4219.85,4047.42,Snowy,Yes
06-06-2022,South,86.1,1209.57,1202.99,Windy,No
27-08-2023,Northeast,76.7,1638.5,1526.54,Snowy,No
04-06-2022,Northeast,34.2,2342.49,2244.08,Cloudy,Yes
10-08-2023,Northeast,60.6,1307.23,1458.31,Sunny,No
05-04-2023,West,74.2,1939.98,1775.81,Cloudy,Yes
04-01-2023,Midwest,38.8,4320.6,4406.75,Snowy,No
26-11-2022,Northeast,86.5,4793.01,4701.47,Sunny,No
16-02-2019,West,63.6,2218.41,2322.54,Cloudy,No
10-06-2022,South,33.2,2058.06,2147.02,Windy,Yes
21-08-2022,Midwest,66.6,2119.57,1922.53,Cloudy,No
30-03-2023,South,100,2110.88,2114.53,Snowy,No
12-03-2022,West,32,1143.72,999.45,Sunny,Yes
09-12-2022,Northeast,85.3,4707.67,4854.16,Windy,Yes
17-03-2023,Northeast,36.6,1854.79,2003.42,Sunny,Yes
28-10-2022,West,82.6,2680.02,2647.36,Windy,No
09-05-2023,Northeast,78.8,1038.75,1016.51,Sunny,No
06-07-2022,Midwest,44,4431.82,4353.13,Snowy,Yes
17-10-2020,West,46.1,3924.63,4011.27,Windy,No
15-04-2020,South,83.4,4787.02,4730.48,Rainy,No
28-08-2021,West,56.9,4126.46,4033.58,Sunny,No
01-11-2021,Midwest,78.5,2254.83,2227.72,Sunny,Yes
15-09-2022,Midwest,31.8,1991.49,1828.09,Cloudy,No
05-01-2021,West,88.2,3790.87,3889.51,Windy,Yes
22-02-2021,West,76.9,2456.45,2261.49,Rainy,Yes
25-08-2021,Northeast,92.6,3264.86,3322.65,Snowy,No
24-12-2019,Midwest,30.6,1025.03,898.18,Cloudy,Yes
29-08-2021,West,67.4,1247.54,1140.5,Rainy,Yes
02-12-2022,West,67.9,3141.47,3195.72,Windy,Yes
29-10-2020,Midwest,48.3,3264.29,3461.47,Rainy,Yes
08-01-2020,West,56.7,4005.81,4116.9,Sunny,Yes
28-10-2021,Northeast,23,1527.86,1418.2,Sunny,No
19-02-2022,Midwest,79.7,3052.73,2923.14,Cloudy,Yes
03-10-2022,Northeast,63.9,1777.79,1924.28,Windy,Yes
06-11-2020,Northeast,24.6,1372.78,1350.45,Windy,Yes
31-03-2019,Northeast,74.5,2641.98,2496.8,Rainy,No
30-07-2023,Northeast,57.3,1653.35,1798.23,Cloudy,No
28-11-2020,Midwest,22.8,1887.13,2013.57,Windy,Yes
01-09-2022,Northeast,97.6,2270.22,2463.78,Sunny,No
16-04-2022,Northeast,95.9,2037.55,2201.45,Rainy,Yes
23-06-2020,West,61,1350.37,1491.09,Snowy,Yes
01-01-2021,Midwest,27.5,1359.66,1180.69,Sunny,Yes
18-05-2021,Midwest,80.4,1773,1614.77,Cloudy,Yes
10-02-2019,South,59.4,1202.24,1229.83,Windy,Yes
09-01-2021,Midwest,44.2,3505.83,3518.42,Sunny,No
24-09-2023,Midwest,59.3,2149.31,2132.5,Snowy,Yes
16-05-2020,South,61.8,2118.98,2077.7,Snowy,No
16-08-2021,Midwest,65,2327.99,2300.47,Cloudy,Yes
14-03-2022,Midwest,55.3,3651.19,3678.91,Sunny,Yes
09-05-2022,Midwest,68.5,4482.54,4283.37,Rainy,No
17-07-2021,Midwest,93.5,4036.35,3940.63,Sunny,No
14-10-2023,South,49,3910.12,3917.43,Snowy,Yes
05-04-2020,Midwest,78.1,2937.56,3026.45,Cloudy,No
01-01-2021,Midwest,91.6,3775.22,3644.88,Cloudy,Yes
21-01-2021,South,56.5,3211.05,3229.8,Rainy,Yes
13-07-2021,West,55.5,1865,1950.78,Cloudy,Yes
27-06-2021,Northeast,68.2,1834.35,1812.2,Cloudy,Yes
01-05-2023,West,67.3,2185.57,1996.4,Cloudy,Yes
20-04-2023,South,84.5,4643.21,4622.92,Cloudy,Yes
30-06-2022,Northeast,58.1,3189.66,3108.24,Cloudy,No
25-01-2020,South,99.7,3935.62,4107.48,Snowy,Yes
06-06-2023,South,24.8,2386.24,2236.09,Sunny,No
01-06-2021,Midwest,20.3,2630.86,2691.85,Windy,Yes
13-09-2019,Northeast,71.2,1502.26,1323.35,Cloudy,No
09-12-2020,Midwest,43.9,1685.18,1663.65,Windy,No
25-03-2020,Northeast,39.2,4309.43,4331.02,Windy,Yes
10-01-2019,South,45,3339.35,3258.53,Snowy,Yes
03-04-2021,South,40.5,2350.13,2332.16,Cloudy,No
08-03-2021,West,22.5,4211.4,4076.82,Windy,No
19-06-2022,Northeast,97.7,1986.08,1907.73,Cloudy,Yes
28-06-2022,Midwest,37.7,4904.13,4952.57,Rainy,Yes
26-05-2021,West,78.7,2379.27,2299.99,Rainy,No
25-10-2021,West,81,2349.24,2509.14,Rainy,Yes
16-02-2022,West,94.3,2247.65,2299.01,Windy,No
12-10-2021,Midwest,22.4,1488.45,1463.91,Rainy,Yes
30-12-2023,West,89.8,1444.55,1260.05,Snowy,Yes
09-01-2020,Midwest,62.2,3592.42,3592.24,Snowy,No
24-12-2021,West,70.6,4500.47,4606.38,Windy,No
26-05-2019,Midwest,71.6,4162.08,4068.3,Cloudy,Yes
12-08-2019,South,85.6,1564.43,1687.14,Sunny,No
16-06-2022,South,46.7,3182.33,3083.05,Cloudy,No
26-06-2019,South,78.6,1422.37,1551.87,Cloudy,No
08-12-2023,South,62.3,1181.18,1015.29,Cloudy,Yes
02-05-2021,South,83.5,3625.54,3772.01,Cloudy,No
29-07-2022,West,99.2,3140.61,3140.28,Sunny,No
04-03-2019,West,36.1,1328.09,1246.71,Rainy,No
25-05-2022,West,99.6,1139.76,1045.81,Cloudy,No
06-04-2021,Midwest,27.2,4959.03,4931.83,Snowy,Yes
05-03-2021,Midwest,20.2,1120.09,1319.71,Windy,No
19-11-2020,Midwest,23.5,2778.11,2666.24,Windy,No
24-01-2023,Midwest,47.3,3018.48,2859.77,Snowy,Yes
22-06-2023,South,70.6,1469.12,1503.13,Cloudy,No
15-04-2019,South,25.5,1676.25,1671.67,Sunny,Yes
27-01-2022,South,20.5,2407.22,2416.9,Rainy,No
25-05-2020,Northeast,95,4046.7,4113.47,Windy,Yes
20-01-2020,West,85.8,3028.33,2935.19,Rainy,No
09-02-2020,Midwest,84.7,3551.61,3715.88,Sunny,No
02-04-2021,Midwest,90.8,4940.7,4914.97,Windy,No
01-06-2020,South,76,4072.02,3923.65,Rainy,No
20-04-2020,Midwest,28.4,2737.45,2834.37,Sunny,No
09-12-2020,Midwest,51.9,2785.77,2843.01,Rainy,Yes
27-07-2023,West,77.9,3475.09,3401.39,Cloudy,No
09-02-2021,South,42.4,3661.46,3710.07,Sunny,No
31-12-2022,West,75,3002.84,2890.78,Rainy,No
12-11-2021,Northeast,22,3579.44,3557.38,Cloudy,Yes
23-09-2021,Northeast,44.5,1094.13,1253.9,Cloudy,No
08-05-2023,Northeast,63.9,2718.49,2571.9,Sunny,No
07-11-2020,South,70.6,2115.75,2070.43,Snowy,No
14-12-2020,Midwest,66.2,1516.7,1645.16,Windy,Yes
21-01-2023,South,75.8,1398.19,1585.99,Sunny,Yes
24-03-2019,South,20.5,3412.77,3394.34,Cloudy,No
14-03-2022,Midwest,28.1,3094.4,3097.2,Cloudy,Yes
13-01-2022,West,89.5,2014.34,2043.21,Sunny,No
06-01-2022,Northeast,74.5,2883.8,3056.74,Snowy,Yes
01-04-2020,West,29,2968.93,3112.21,Windy,No
01-01-2019,Northeast,87.4,1780.04,1648.28,Rainy,Yes
20-02-2019,South,39.4,3608.37,3583.07,Sunny,No
15-11-2020,Northeast,58.3,4123.68,4109.28,Windy,No
17-12-2020,South,31.6,4165.85,4281.49,Windy,Yes
01-12-2023,West,76.8,3409.88,3451.04,Cloudy,Yes
09-01-2023,South,73.3,3046.55,3108.24,Rainy,Yes
24-03-2020,West,36.9,1244.03,1443.31,Sunny,No
30-05-2021,Midwest,89.1,2151.33,1981.31,Cloudy,No
02-05-2020,Midwest,52.1,1373.09,1262.29,Cloudy,No
29-12-2023,Midwest,43.4,4855.29,4818.45,Snowy,No
03-02-2019,South,32.2,1540.32,1479.43,Windy,No
03-10-2022,Midwest,41.3,1607.1,1415.76,Sunny,Yes
05-04-2019,Northeast,21.8,4558.31,4395.02,Sunny,Yes
31-12-2021,West,66.7,4775.71,4848.09,Sunny,Yes
24-04-2023,West,87.4,4063.32,4215.05,Cloudy,No
03-06-2019,Northeast,63.9,1021.62,1027.31,Snowy,No
07-09-2019,South,37.5,1005.39,1021.07,Rainy,Yes
04-11-2020,South,22.7,2512.4,2414.44,Cloudy,No
13-03-2020,West,37.2,1573.58,1680.73,Rainy,No
28-04-2019,Midwest,53.3,1073.54,1174.26,Snowy,No
09-02-2021,South,80.8,2856.27,2891.62,Windy,Yes
22-08-2022,South,35,4772.25,4657.32,Sunny,Yes
25-09-2019,Northeast,77.6,2295.28,2134.09,Rainy,No
13-12-2021,Northeast,89.4,3644.56,3470.26,Cloudy,No
24-08-2019,Midwest,56.3,3608.94,3646.02,Rainy,No
24-01-2020,South,85.7,2004.32,2134.33,Windy,Yes
16-09-2021,South,64.4,3601.7,3745.03,Sunny,Yes
24-10-2023,Northeast,71,1849.34,1834.79,Rainy,No
01-02-2021,South,62.1,1488.03,1601.74,Windy,No
05-02-2020,West,57.1,3805.53,3984.28,Cloudy,No
15-09-2020,Northeast,38.8,1453.76,1363.83,Snowy,No
05-02-2021,Midwest,44.3,4987.64,4946.82,Cloudy,Yes
19-08-2022,Northeast,43.2,1733.81,1906.4,Sunny,No
07-07-2021,South,65.1,3376.57,3311.86,Cloudy,No
15-05-2022,Midwest,29.6,2645.5,2811.05,Cloudy,Yes
06-06-2022,Northeast,93.3,1505.55,1697.97,Cloudy,No
02-05-2021,West,77.7,1111.38,1176.1,Cloudy,Yes
31-07-2020,West,52.1,3490.93,3617.69,Sunny,Yes
16-03-2019,Northeast,32.7,4227.03,4326.85,Windy,Yes
10-03-2020,West,90.6,4368.06,4447.87,Rainy,Yes
13-04-2019,West,85.9,2930.85,2853.62,Snowy,Yes
16-12-2022,West,77.7,4109.82,3932.66,Rainy,No
24-09-2023,Midwest,41.7,3691.39,3628.61,Rainy,No
02-02-2021,West,52.2,3897.02,3963.79,Snowy,No
07-01-2021,West,28.2,2970.4,2811.41,Sunny,Yes
16-03-2021,West,35.1,3533.65,3338.42,Snowy,Yes
22-08-2022,Midwest,82.6,4222.1,4077.98,Sunny,No
08-04-2019,Northeast,77.2,2591.54,2677.83,Rainy,Yes
08-03-2021,South,67.5,4223.92,4413.04,Sunny,Yes
20-09-2022,West,91.7,3368.07,3561.3,Windy,No
08-05-2021,Northeast,66.7,1663.6,1661.19,Snowy,No
10-03-2020,West,57.4,1098.74,1246.48,Windy,No
22-03-2020,Midwest,47.2,2451.01,2545.74,Rainy,No
24-08-2022,Northeast,95.2,3186.79,3187.21,Snowy,Yes
06-09-2019,Midwest,26.6,4359.28,4388.38,Rainy,No
15-06-2019,West,94.5,1509.94,1364.83,Windy,Yes
13-02-2023,West,86.1,4200.83,4375.89,Rainy,No
10-09-2021,Midwest,30.4,4452.04,4392.81,Snowy,Yes
20-09-2022,South,65.2,1602.75,1581.21,Snowy,No
16-10-2021,Midwest,89.3,4406.38,4475.04,Rainy,Yes
25-06-2020,West,65.7,4965.81,4899.37,Snowy,No
28-01-2021,Midwest,92.6,3907.36,3809.06,Snowy,No
03-02-2022,South,95.4,4139.08,4191.5,Rainy,No
06-05-2023,Midwest,53.8,4977.66,4787.65,Windy,No
22-03-2019,South,50.2,3421.93,3510.22,Snowy,No
13-05-2019,South,94.9,2231.55,2237.16,Snowy,No
07-03-2021,Midwest,74,4350.12,4392.42,Snowy,No
18-06-2021,Midwest,29.3,3457.94,3510.69,Snowy,No
18-05-2019,Northeast,23.4,3324.78,3335.6,Rainy,No
03-07-2019,West,65.2,2014.54,2047.55,Windy,No
25-11-2022,South,94.4,4025.34,4098.86,Windy,No
15-09-2022,Northeast,87.5,1326.67,1427.92,Sunny,No
23-02-2021,Midwest,74.1,4697.15,4788.13,Snowy,No
12-03-2023,West,31.1,2303.29,2451.14,Snowy,No
10-09-2021,Northeast,40.3,1511.1,1386.88,Sunny,No
10-03-2019,South,90,2769.47,2729.93,Windy,Yes
29-06-2020,Northeast,34.6,1169.88,1349,Cloudy,No
03-12-2023,South,42.3,3738.5,3697.14,Cloudy,No
22-02-2019,Midwest,30.4,4610.82,4460.77,Windy,No
13-01-2023,West,74.1,4349.05,4359.23,Snowy,No
24-07-2019,West,95.5,1509.48,1353.28,Cloudy,Yes
06-05-2019,West,41.5,1505.08,1386.22,Rainy,No
06-11-2023,Midwest,58,4253.74,4453.07,Rainy,No
12-02-2019,South,70.7,4697.02,4713.57,Sunny,No
11-11-2023,Midwest,100,2842.68,2756.3,Windy,Yes
21-04-2019,West,28.4,2995.88,3193.79,Windy,No
30-01-2021,Midwest,59.9,2273.05,2459.67,Cloudy,No
14-08-2023,Midwest,50.8,4577.06,4553.36,Snowy,Yes
21-04-2022,Midwest,89.3,3579.61,3483.77,Windy,Yes
27-04-2021,South,58.1,2153.01,2288.37,Cloudy,Yes
05-04-2019,Northeast,28.9,2195.13,2281.38,Cloudy,No
29-10-2022,Northeast,70.8,4564.8,4639.58,Windy,Yes
24-03-2023,Midwest,81.7,1054.54,1211.79,Cloudy,Yes
18-06-2021,Northeast,20.2,2290.91,2366.68,Sunny,No
26-12-2019,Northeast,88.7,3217.43,3130.95,Sunny,Yes
18-06-2021,Midwest,34.9,1592.87,1670.42,Windy,Yes
16-09-2023,Midwest,64.2,1368.4,1290.73,Snowy,No
08-10-2019,West,53.3,4261.11,4364.81,Sunny,No
03-05-2022,Northeast,77.6,4577.62,4625.52,Sunny,No
03-05-2022,South,49.7,4294.43,4125.39,Windy,No
28-10-2020,Midwest,89.6,4595.15,4600.28,Rainy,No
03-04-2019,West,78.4,3212.45,3149.77,Cloudy,No
02-11-2020,South,71.8,4249.03,4180.46,Sunny,Yes
02-03-2019,Northeast,83.7,2536.17,2577.07,Rainy,Yes
25-09-2020,West,80.3,3665.07,3594,Snowy,No
10-12-2021,Midwest,22.9,4955.34,5066.1,Rainy,Yes
27-11-2022,South,51.6,1902.91,1731.23,Windy,No
18-12-2023,Midwest,94.5,2559.6,2623.76,Snowy,No
25-10-2021,Northeast,30.1,2920.19,3043.87,Snowy,Yes
29-01-2023,South,79,1552.06,1621.19,Rainy,Yes
26-08-2020,Northeast,98,1324.15,1323.04,Windy,Yes
12-11-2020,Northeast,24.2,4318.89,4499.01,Sunny,No
17-06-2020,West,74.6,4907.18,4827.16,Rainy,No
29-11-2022,Midwest,57.5,2618.9,2426.57,Sunny,No
17-04-2021,South,66.3,1350.6,1323.4,Rainy,Yes
17-03-2023,Northeast,26.8,1263.25,1076.45,Sunny,No
06-10-2020,Northeast,23.4,4565.27,4746.84,Rainy,No
21-08-2019,South,73.3,2855.26,2739.23,Snowy,Yes
07-06-2020,Northeast,85.9,2280.11,2395.68,Cloudy,No
12-12-2019,West,82.6,2905.85,3015.68,Snowy,No
05-12-2021,West,63.5,2273.22,2160.31,Sunny,Yes
29-06-2020,West,28,2956.14,3004.63,Windy,No
06-01-2022,West,75,4438.23,4257.46,Snowy,Yes
20-10-2023,Northeast,39.4,3369.21,3362.64,Cloudy,No
01-01-2022,South,92.9,3778.62,3584.48,Sunny,Yes
04-03-2021,South,87.1,2458.68,2627.14,Snowy,No
06-09-2019,South,76.8,3954.02,4144.45,Rainy,No
16-02-2019,South,95.9,3666.47,3555.38,Windy,No
18-02-2022,Midwest,22.5,1478.25,1361.49,Sunny,No
02-08-2019,South,78.9,3290.57,3392.06,Snowy,No
27-08-2019,Midwest,46.4,2026.97,1928.32,Sunny,No
15-12-2021,Midwest,92.5,4216.38,4374.41,Rainy,No
16-12-2019,West,41.3,2703.75,2733.32,Cloudy,No
17-04-2019,Midwest,78,4978.74,4919.05,Snowy,No
10-04-2021,Northeast,90.2,1370,1503.08,Sunny,No
17-02-2019,Midwest,23.3,4121.39,4118.75,Sunny,No
16-05-2023,West,51.8,3694.81,3859.46,Sunny,No
03-12-2019,Midwest,81,4070,4241.21,Cloudy,No
15-11-2021,Northeast,56.4,2230.12,2096.29,Sunny,Yes
14-03-2021,Northeast,41.4,2968.22,2769.15,Windy,Yes
04-07-2022,Northeast,37.6,4186.03,4379.6,Windy,Yes
08-01-2019,West,30.5,1930.17,2092.63,Sunny,No
16-09-2020,West,88.6,1904.13,1726.31,Windy,Yes
30-06-2022,South,66,3204.2,3337.41,Snowy,No
12-09-2023,West,26.1,3094.25,3077.37,Windy,No
19-12-2020,Northeast,50.6,2129.05,2032.63,Sunny,Yes
30-10-2019,Northeast,49.4,2192.3,2343.8,Rainy,No
30-09-2020,West,34.5,2111.38,1990.05,Snowy,Yes
25-02-2019,Midwest,54.8,4086.05,4264.97,Cloudy,Yes
26-12-2020,West,46.6,3607.6,3489.85,Sunny,No
09-06-2020,West,47.3,4329.67,4375.14,Cloudy,No
18-04-2020,Northeast,79.1,4901.89,4791.12,Rainy,No
28-01-2019,South,37.9,2896.66,2914.93,Cloudy,Yes
19-03-2019,Northeast,71.3,1266.78,1340.37,Sunny,No
24-05-2022,South,65.7,1192.37,1068.46,Sunny,Yes
10-11-2022,Northeast,65.4,2182.66,2191.01,Rainy,Yes
31-12-2019,West,73,4730.18,4717.8,Sunny,Yes
27-10-2020,Northeast,63.9,3092.85,2921.26,Rainy,Yes
09-06-2020,Northeast,90.3,2087.15,2214.47,Rainy,Yes
29-11-2020,Northeast,74,2596.67,2530.94,Sunny,Yes
28-08-2022,West,63.8,3394.38,3424.21,Windy,No
01-06-2021,West,86.4,3611.8,3617.71,Rainy,Yes
27-10-2021,West,68.5,1615.68,1620.98,Sunny,Yes
23-10-2021,West,43.3,4908.13,4751.02,Windy,Yes
05-07-2023,South,36.6,3179.09,3148.48,Rainy,No
07-07-2021,South,32.2,1542.75,1523.7,Windy,Yes
19-01-2021,Midwest,92,4574.54,4668,Snowy,No
29-12-2019,West,76.8,1298.55,1434.56,Snowy,No
10-11-2023,South,95,4630.94,4648.93,Windy,Yes
12-03-2023,Northeast,68.3,4986.26,4820.97,Rainy,No
21-07-2022,West,57.9,3801.73,3696.47,Sunny,Yes
10-03-2023,Midwest,24.8,4081.79,3947.76,Cloudy,No
16-03-2021,Midwest,73.7,2349.21,2199.06,Sunny,No
08-01-2021,Midwest,66.6,4766.31,4712.67,Cloudy,Yes
04-11-2021,Northeast,99.2,3118.86,3010.62,Cloudy,Yes
30-04-2022,South,39.1,3929.55,3816.87,Rainy,No
13-07-2023,Northeast,62.5,4696.43,4518.31,Windy,No
29-04-2020,West,72.1,4900.72,4707.79,Sunny,Yes
28-01-2019,Midwest,71.6,4332.82,4173.93,Windy,No
14-12-2020,Northeast,64.9,2212.07,2080.95,Snowy,No
28-11-2021,Northeast,82.2,4866.19,4838.58,Rainy,No
20-07-2022,South,36.4,3512.48,3516.69,Rainy,Yes
08-06-2022,South,78.1,4722.57,4578.81,Snowy,No
27-03-2019,Midwest,69.6,3704.42,3674.33,Sunny,No
06-02-2023,Northeast,91.7,2228.96,2165.66,Snowy,Yes
06-05-2019,Northeast,87.8,2480.1,2353.47,Sunny,No
22-03-2021,South,45.2,3201.89,3004.63,Cloudy,No
20-06-2020,Northeast,42.1,4160.06,4146.87,Rainy,No
25-05-2019,Northeast,98.5,2271.93,2346.19,Sunny,Yes
29-03-2023,Northeast,62.2,3318.92,3209.43,Windy,No
20-05-2022,South,92.5,2382.5,2235.22,Windy,Yes
25-01-2019,Midwest,33.1,4263.08,4417.9,Rainy,No
23-05-2023,West,71.4,2866.91,2776.92,Snowy,Yes
18-11-2022,Midwest,84.8,1306.89,1196.34,Snowy,No
08-03-2019,West,95.8,1664.21,1807.05,Sunny,No
21-08-2019,Northeast,47,1244.42,1371.26,Snowy,Yes
19-04-2019,Midwest,78,2997.21,2976.55,Rainy,No
15-03-2022,West,63.1,1425.35,1421.05,Sunny,No
21-04-2019,South,24.9,1456.56,1343.66,Cloudy,Yes
16-08-2019,South,75.2,4764.19,4595.51,Snowy,No
21-04-2019,Midwest,75.2,4490.62,4519.99,Snowy,No
02-02-2023,Midwest,94.4,2808.35,2647.69,Sunny,Yes
03-02-2019,Northeast,59.8,4943.22,4922.93,Windy,Yes
14-09-2020,Midwest,38.4,1000.75,1176.95,Snowy,Yes
05-12-2023,Northeast,23.6,3455.92,3637.05,Rainy,Yes
24-10-2022,Northeast,53.3,3465.71,3361.44,Snowy,No
17-01-2021,South,44.2,2829.77,2879.42,Cloudy,Yes
17-08-2020,South,80.9,2587.79,2577.42,Snowy,No
27-04-2023,West,48.3,2821.53,2971.8,Windy,No
29-02-2020,South,95.9,2659.84,2568.41,Snowy,Yes
04-09-2020,South,97,3921.97,3723.45,Sunny,No
22-03-2023,Midwest,69.7,1541.42,1406.44,Snowy,No
22-11-2020,South,94.3,1790.56,1730.37,Windy,No
29-07-2022,West,80.9,1722.07,1648.36,Sunny,Yes
05-09-2022,Midwest,63.7,2049.88,2166.43,Rainy,Yes
28-10-2023,West,34.4,3101.03,3173.25,Sunny,No
06-01-2023,South,56.7,1444.83,1364.65,Cloudy,No
11-11-2019,West,64.9,4472.68,4455.78,Sunny,No
26-05-2021,Midwest,89.1,2189.45,2027.67,Rainy,No
31-10-2023,Northeast,58.5,1650.15,1809.41,Snowy,Yes
01-11-2022,West,91.8,3702.49,3876.66,Sunny,No
05-08-2022,West,73.9,1152.35,1344.27,Sunny,Yes
31-12-2022,Midwest,31,3479.87,3627.29,Sunny,Yes
23-10-2020,Midwest,99.6,3792.79,3662.37,Sunny,No
04-10-2019,West,62.2,1859.67,1678.15,Rainy,Yes
30-09-2023,South,51.3,1167.86,1199.7,Windy,No
25-05-2023,West,72.7,2454.58,2619.62,Windy,No
07-03-2023,Midwest,28.7,1394.38,1265.32,Sunny,Yes
15-09-2020,Northeast,70.9,1465.91,1268.73,Rainy,No
30-05-2020,Northeast,59.9,2017.04,2139.24,Rainy,No
05-10-2022,South,52.5,2181.87,2012.59,Sunny,No
22-04-2021,West,96.2,3119.88,3085.36,Cloudy,Yes
09-01-2023,Northeast,61.8,3713.57,3785.12,Sunny,Yes
16-12-2019,West,37.5,3371.08,3265.8,Cloudy,No
19-06-2023,Midwest,56.7,1593.44,1427.03,Sunny,Yes
15-08-2023,Northeast,93.6,1688.34,1796.35,Cloudy,Yes
02-04-2021,South,34.1,4515.08,4567.15,Cloudy,No
06-03-2022,Midwest,37.1,3233.41,3428.81,Sunny,Yes
28-01-2021,South,21,4479.75,4417.47,Cloudy,No
17-06-2021,Midwest,21.1,2486.19,2310.89,Snowy,Yes
31-08-2019,Northeast,86.4,3457.6,3551.34,Windy,No
26-06-2020,South,78.6,3094.65,3103.34,Rainy,No
29-11-2021,South,48.4,2276.49,2161.77,Cloudy,Yes
17-08-2019,Midwest,75.9,2879.66,2992.35,Cloudy,Yes
01-07-2020,South,51.6,3009.96,2891.46,Rainy,No
08-07-2021,Midwest,96.2,1803.08,1707.34,Cloudy,No
31-05-2022,Midwest,97.4,2260.04,2097.05,Rainy,No
06-01-2019,Midwest,51.4,4165.64,4125.41,Sunny,Yes
07-09-2022,Midwest,88.3,4663.15,4630.72,Snowy,Yes
12-04-2020,Northeast,81.8,2439.18,2445,Snowy,No
22-10-2023,Midwest,44.8,2227.89,2311.48,Windy,No
16-03-2019,West,38.6,1780.79,1943.23,Cloudy,No
04-01-2019,South,56.7,3713.96,3569.05,Windy,No
07-10-2020,West,82.5,2292.4,2114.14,Sunny,No
28-04-2019,Northeast,96.8,4951,4758.41,Snowy,No
30-05-2021,West,81.1,2302.74,2160.19,Sunny,Yes
18-06-2023,South,88.4,2576.54,2639.72,Sunny,No
18-05-2020,West,68.2,3413.34,3504.33,Cloudy,No
04-08-2021,Northeast,86.8,4206.74,4321.34,Sunny,Yes
27-07-2020,Midwest,82.8,2878.07,2775.55,Snowy,No
04-01-2023,West,50.2,2690.62,2612.98,Windy,No
13-07-2019,Northeast,64.2,4982.55,4975.8,Snowy,No
26-04-2021,Northeast,84.4,1041.97,867.24,Cloudy,No
15-12-2020,South,23.7,4580.26,4624.72,Snowy,No
16-11-2022,South,84.6,1596.56,1790.05,Rainy,Yes
15-11-2021,West,34.2,4143.7,4088.02,Windy,No
29-12-2022,Midwest,61.2,3471.73,3572.87,Rainy,No
22-06-2019,Northeast,84.7,2367.39,2367.4,Rainy,No
16-08-2022,West,40.3,4495.5,4346.62,Cloudy,Yes
27-07-2023,Northeast,39.7,1051.63,1084.52,Sunny,Yes
22-11-2019,Northeast,52.2,1906.76,1826.71,Rainy,No
04-12-2022,Midwest,91.6,3267.57,3081.33,Snowy,No
15-02-2022,Midwest,20,2406.17,2460.14,Sunny,No
15-04-2021,West,92.1,3441.51,3585.08,Snowy,No
16-12-2023,Midwest,32.3,1096.44,1034.35,Snowy,No
24-12-2020,Midwest,99.2,1465.84,1421.96,Sunny,No
13-08-2019,West,96.4,1508.38,1664.79,Sunny,No
15-06-2020,Midwest,59.6,1757.13,1882.57,Snowy,Yes
23-04-2019,South,61,2837.33,2923.31,Cloudy,No
20-05-2019,Northeast,58.5,4008.51,3908.03,Windy,No
12-07-2020,Northeast,70.8,4622.16,4786.25,Windy,Yes
01-01-2019,Northeast,27.3,4341.49,4203.26,Cloudy,Yes
31-03-2019,Northeast,22.6,1787.55,1838.26,Sunny,Yes
15-10-2020,West,24.6,2764.6,2576.12,Snowy,No
16-11-2019,Northeast,55.5,1797.65,1855.14,Windy,Yes
23-04-2023,Northeast,42,2057.89,1968.75,Snowy,No
19-05-2019,Northeast,69.8,3014.19,2994.06,Cloudy,No
15-03-2023,Northeast,99.4,1272.44,1210.55,Snowy,No
24-04-2021,South,50.9,1872.7,1741.8,Cloudy,No
16-09-2019,Northeast,65.9,4741.51,4790.3,Sunny,Yes
24-08-2023,South,53.2,2864.47,3017.26,Cloudy,No
20-06-2021,West,87.8,2781.55,2965.18,Cloudy,No
20-11-2020,Midwest,92.2,1058.27,935.21,Windy,No
10-01-2019,Northeast,90.2,1989.6,2076.55,Snowy,Yes
18-09-2019,Midwest,97.9,4465.17,4530.91,Windy,No
01-08-2023,Midwest,22.2,1658.51,1595.86,Rainy,No
21-06-2019,West,87.2,2660.5,2468.14,Cloudy,No
16-06-2021,Midwest,80.1,1057.32,1133.24,Rainy,No
13-01-2019,South,38.3,2913.34,3091.54,Windy,No
06-04-2022,Midwest,96.5,1084.08,1136.93,Snowy,No
24-07-2023,Midwest,31.9,4278.44,4252.56,Windy,No
08-06-2023,Midwest,74.4,4299.42,4309.48,Snowy,No
17-11-2019,Northeast,38,4150.97,4030.82,Snowy,Yes
04-09-2022,Northeast,54.5,2133.46,2233.68,Sunny,Yes
25-06-2023,South,77.5,4348.95,4447.52,Cloudy,Yes
25-11-2019,South,65.1,3171.99,3030.2,Windy,Yes
23-02-2021,Northeast,54.2,2495.23,2646.42,Snowy,Yes
15-02-2021,South,46.1,3501.32,3409,Windy,No
29-06-2021,Northeast,87.2,1049.36,1242.26,Windy,Yes
23-04-2023,West,31.5,1571.84,1525,Snowy,No
13-12-2022,Midwest,54.4,3969.17,3840.32,Rainy,Yes
18-06-2023,Midwest,92.3,1976.65,1917.34,Cloudy,Yes
23-01-2022,South,87.7,3392.04,3368.11,Cloudy,Yes
24-05-2023,Northeast,52.1,2540.41,2368.13,Sunny,Yes
14-11-2019,Northeast,81,4419.22,4450.51,Sunny,No
24-08-2019,South,85.9,4809.66,4848.71,Sunny,No
30-11-2019,Northeast,91.1,4534.26,4629.83,Cloudy,Yes
11-01-2020,West,63.6,2082.48,1894.15,Rainy,No
22-01-2023,Midwest,36.4,1776.65,1793.15,Cloudy,No
06-03-2022,South,40.4,2897.74,2718.9,Cloudy,No
10-08-2020,South,43.7,1029.34,1109.8,Cloudy,No
20-04-2023,Northeast,67.5,1103.24,925.53,Cloudy,No
27-05-2020,South,22.6,3213.16,3377.85,Rainy,No
12-08-2022,West,70.9,3081.8,3162.63,Sunny,No
05-09-2022,Northeast,49.1,4978.33,4981.29,Windy,Yes
06-07-2021,Northeast,43.6,1807.37,1783.97,Sunny,No
15-05-2023,Northeast,90.4,2032.42,1884.69,Sunny,No
04-10-2022,Northeast,56.8,1454.16,1370.56,Windy,No
08-12-2023,West,27.6,4670.17,4817.75,Cloudy,No
22-05-2021,Northeast,86.1,4111.24,4273.02,Rainy,No
06-06-2022,South,23.8,4289.36,4089.66,Rainy,Yes
27-09-2019,West,78.1,4611.06,4648.71,Sunny,No
08-03-2021,Midwest,81.9,3099.6,3187.32,Windy,No
07-08-2022,Midwest,48.2,2804.77,2852.27,Snowy,No
25-12-2020,South,86,2321.57,2154.24,Cloudy,No
03-04-2022,South,61.3,3356.86,3243.95,Sunny,No
05-01-2019,West,57.1,2817.11,2717.25,Rainy,Yes
30-04-2021,Midwest,23.6,2806.26,2938.95,Windy,No
03-11-2022,Midwest,43.2,4747.71,4732.99,Windy,No
19-03-2019,Midwest,94.5,4936.13,4930.86,Sunny,No
04-12-2022,Midwest,51.3,4185.94,4359.9,Snowy,Yes
27-07-2020,Midwest,63.7,4027.03,4081.86,Rainy,No
12-05-2019,Northeast,62.6,3722.23,3881.7,Sunny,No
23-08-2020,South,67.2,1664.3,1646.9,Snowy,No
08-11-2023,Northeast,24.9,1236.42,1096.19,Windy,No
01-12-2021,Midwest,49,3762.91,3934.88,Cloudy,No
30-03-2019,West,77.9,3915.14,3898.62,Rainy,Yes
06-02-2020,West,36,1187.89,1060.54,Rainy,Yes
23-10-2019,Midwest,36.3,4712.21,4633.17,Snowy,No
11-08-2022,Midwest,20.8,1364.56,1184.88,Sunny,No
07-09-2020,West,55,2143.6,2130.92,Windy,Yes
30-03-2023,Northeast,90.6,3689.56,3830.81,Snowy,Yes
10-03-2021,Northeast,24.2,1679.49,1852.92,Cloudy,Yes
11-09-2023,Midwest,35.3,1221.66,1394.7,Cloudy,No
19-07-2023,Northeast,44.8,2324.59,2174.68,Cloudy,Yes
26-02-2020,West,78.5,4063.89,4016.71,Snowy,No
12-11-2021,Northeast,71.3,2654.71,2466,Windy,No
28-07-2020,Midwest,53.3,3611.89,3753.96,Rainy,Yes
23-05-2019,West,80.7,3318.48,3261.98,Sunny,No
19-09-2021,Northeast,68.8,1088.87,1141.32,Rainy,Yes
26-10-2020,South,91.7,4954.16,5040.12,Windy,No
25-05-2019,West,85.4,1165.71,1137.65,Rainy,Yes
02-06-2022,West,40.2,4871.21,4793.79,Snowy,No
03-10-2021,South,41.7,3199.46,3384.35,Cloudy,No
17-05-2020,South,30,4852.64,5038.44,Windy,Yes
31-03-2021,West,47,1459.01,1374.78,Windy,Yes
28-06-2023,South,100,2961.63,2953.48,Rainy,No
14-04-2019,Midwest,52.5,1678.02,1867.16,Snowy,Yes
28-11-2021,Midwest,37.6,1203.9,1005.85,Rainy,No
17-07-2019,Midwest,81,3470.12,3435.19,Rainy,No
28-07-2023,West,63.4,1831.13,1671.31,Windy,No
01-08-2020,South,32,3350.79,3354.45,Rainy,No
26-01-2020,South,50.5,1449.46,1259.33,Cloudy,No
17-04-2022,Northeast,53.2,2327.95,2290.71,Rainy,No
07-07-2020,Northeast,80.3,4126.53,4014.81,Cloudy,No
11-01-2023,South,21.7,2748.21,2761.53,Windy,Yes
04-03-2023,South,41.5,3510.98,3709.38,Snowy,Yes
04-11-2021,South,61.4,3589.83,3710.04,Cloudy,No
05-07-2023,West,41.5,4375.02,4513.28,Snowy,No
20-08-2023,South,70.3,2299.69,2353.8,Snowy,No
05-08-2022,Northeast,58.5,3749.18,3565.8,Cloudy,Yes
22-04-2020,West,48.9,4846.46,4729.18,Windy,No
08-06-2022,South,95.9,3920.97,4091,Sunny,Yes
11-07-2021,Northeast,70.6,2959.48,2905.93,Snowy,Yes
24-02-2020,West,30.4,3522.87,3364.32,Snowy,No
06-06-2019,South,64.8,3958.73,4039.69,Windy,Yes
03-07-2020,South,82.5,3449.1,3368.88,Windy,No
04-01-2023,South,76.7,1066.7,974.24,Rainy,Yes
25-01-2022,West,33.8,1779.09,1978.28,Windy,No
17-10-2021,Northeast,97.8,4241.87,4385.13,Snowy,No
23-09-2021,Northeast,55.9,2090.6,2053.78,Cloudy,Yes
05-12-2022,Midwest,32.7,3926.25,4118.35,Sunny,Yes
08-08-2021,South,34.4,2488.48,2548.53,Rainy,No
16-10-2019,Midwest,27.9,3087.54,3184.35,Cloudy,No
01-07-2022,Midwest,84.3,1271.89,1084.5,Sunny,No
15-07-2019,Northeast,29.8,1724.9,1573.54,Sunny,Yes
20-08-2020,West,30,4828.79,4882.02,Sunny,No
26-03-2023,West,88,4560.55,4720.16,Cloudy,No
31-05-2020,Northeast,47.6,3609.1,3658.6,Rainy,No
17-07-2023,West,22.5,2838.58,2692.19,Rainy,No
14-05-2021,Midwest,24.2,3703.05,3549.35,Sunny,Yes
15-02-2022,South,31.4,3474.44,3612.11,Cloudy,Yes
16-03-2021,Northeast,37.1,3274.21,3129.93,Sunny,No
28-03-2022,South,73.2,1236.71,1244.8,Windy,No
25-03-2021,West,32.6,3531.21,3346.06,Rainy,Yes
16-08-2019,South,29.5,4075.68,3907.95,Snowy,No
04-08-2019,West,81.2,4976.33,5045.27,Sunny,Yes
05-08-2021,West,73.7,1044.31,1119.98,Windy,Yes
16-09-2023,Midwest,54.8,3920.69,3857.28,Rainy,Yes
15-01-2019,West,63.9,3287.16,3173.4,Cloudy,Yes
26-03-2022,Midwest,45,2736.21,2861.69,Rainy,No
30-07-2023,Midwest,58.6,1510.28,1397.12,Cloudy,No
08-07-2022,Midwest,60.5,2636.34,2653.15,Cloudy,Yes
26-03-2022,Northeast,51,2417.51,2604.79,Sunny,Yes
16-02-2019,Northeast,92.5,2211.32,2070.46,Sunny,No
20-11-2019,West,21.3,3923.52,4099.87,Rainy,Yes
23-04-2021,Midwest,82.6,3802.9,3676.06,Windy,No
05-09-2023,Northeast,30,3356.08,3383.06,Rainy,Yes
10-05-2019,Midwest,83.8,4754.66,4705.46,Snowy,No
05-12-2022,South,69.3,2399.42,2585.39,Cloudy,Yes
05-04-2019,South,87.5,1975.21,1884.63,Cloudy,Yes
18-09-2020,South,27.8,3623.61,3583.47,Sunny,Yes
24-01-2021,West,64.7,1795.26,1988.4,Windy,Yes
08-08-2022,Midwest,60.1,2260.04,2274.63,Sunny,No
04-03-2021,South,76.5,1898.41,1899.46,Snowy,No
30-07-2022,Northeast,62.7,1276.61,1179.72,Rainy,Yes
10-03-2019,South,63.3,4309.99,4390.54,Rainy,Yes
11-08-2023,South,54.4,2018.16,1823.91,Windy,No
11-01-2019,South,44.7,2892.11,2711.92,Sunny,No
01-07-2022,West,58.6,1173.26,1213,Sunny,No
21-05-2021,Northeast,29.5,3797.36,3734.03,Snowy,No
03-07-2020,Midwest,96.9,2322.24,2503.57,Rainy,No
03-03-2022,Northeast,77.2,3978.95,4140.23,Sunny,No
12-12-2020,Midwest,96.2,2649.61,2735.09,Windy,No
23-01-2019,West,38.1,1783.02,1910.28,Rainy,No
25-03-2021,West,90.3,3052.7,3119.63,Snowy,Yes
12-12-2019,West,84.7,1522.02,1372.25,Windy,Yes
29-10-2019,West,74.2,2762.16,2868.38,Cloudy,Yes
29-12-2019,Midwest,70,2269.22,2153.3,Snowy,No
31-01-2020,South,45.3,4647.84,4577.22,Windy,No
06-08-2019,Midwest,85.3,1243.71,1371.4,Sunny,No
21-05-2019,Northeast,60.1,3776.07,3790.68,Cloudy,Yes
28-06-2023,West,25.7,1731,1874.98,Snowy,No
15-08-2021,West,45,2276.18,2161.39,Sunny,No
18-05-2022,Northeast,94.8,2662.06,2705.17,Cloudy,Yes
11-09-2021,Midwest,88.1,4632.06,4465.58,Rainy,No
19-09-2021,South,98.6,1970.31,2027.53,Sunny,No
05-07-2023,South,70.2,1365.24,1470.25,Windy,No
28-06-2023,Northeast,39.8,2274.76,2308.73,Snowy,No
07-04-2021,South,33,1418.7,1325.19,Cloudy,No
13-11-2020,Midwest,35,1514.39,1326.93,Sunny,No
23-01-2023,Midwest,21.6,3295.4,3143.18,Rainy,No
30-09-2021,Northeast,51.3,1243.61,1292.53,Snowy,No
22-12-2019,Midwest,35.3,1123.72,1297.49,Snowy,Yes
04-10-2021,West,52.9,3857.66,3740.27,Sunny,No
09-09-2022,Northeast,94.8,2446.59,2540.6,Rainy,Yes
02-03-2022,Midwest,54.4,1501.5,1648.08,Cloudy,Yes
06-06-2021,Northeast,90.2,2014.45,2022.8,Sunny,No
07-05-2019,South,68.4,3568.35,3636.06,Cloudy,No
03-02-2022,Midwest,39.8,2102.15,2228.16,Snowy,No
05-10-2021,West,48.5,2978.08,2882.35,Cloudy,Yes
26-08-2020,Midwest,26.7,1486.78,1405.54,Rainy,Yes
28-12-2023,Northeast,46.7,3352.37,3152.62,Windy,Yes
02-11-2022,Northeast,74.2,2264.31,2449.55,Rainy,Yes
10-10-2021,Midwest,25.8,3507.87,3674.89,Cloudy,No
20-02-2019,West,36.4,4233.58,4339.41,Sunny,Yes
18-11-2021,West,50.5,3446.59,3278.22,Snowy,No
25-01-2023,West,98.6,2182.99,2161.99,Windy,Yes
12-08-2022,Northeast,82.8,2022.97,1863.73,Sunny,No
13-08-2022,Midwest,78.7,2309.68,2116.05,Sunny,Yes
16-10-2023,South,29.3,1658.48,1704.95,Rainy,Yes
17-02-2021,Northeast,82.5,1724.69,1909.02,Cloudy,Yes
01-12-2022,West,82.8,4162.76,4323.91,Rainy,No
28-11-2023,Midwest,68.1,2538.93,2617.63,Cloudy,No
24-03-2021,West,99.2,2743.98,2582.64,Rainy,No
25-06-2023,South,46,3376.2,3285.87,Sunny,No
29-11-2022,West,95.3,3358.61,3286.63,Snowy,Yes
01-10-2022,West,93.2,1269.51,1374.77,Cloudy,No
04-07-2023,South,20.9,4326.16,4447.06,Windy,No
24-02-2020,Midwest,56,1709.31,1663.35,Windy,Yes
20-04-2022,Northeast,98.2,3892.29,3859.44,Sunny,Yes
09-09-2021,Midwest,28.2,4090.68,3908.48,Rainy,Yes
04-04-2021,South,63.8,3859.6,3775.25,Rainy,Yes
21-10-2021,West,98.3,3315.91,3296.42,Sunny,No
20-07-2020,Midwest,64.4,1058.44,905.23,Windy,Yes
06-01-2020,Northeast,35.2,2441.5,2422.81,Windy,Yes
24-07-2021,South,66.6,3419.36,3560.63,Rainy,Yes
22-10-2020,Midwest,36.4,2549.81,2582.34,Cloudy,No
25-12-2022,Northeast,61.6,4453.92,4285.49,Snowy,No
26-08-2021,South,25.9,2235.21,2111.88,Cloudy,Yes
25-08-2022,Northeast,68.4,2174.14,2163.96,Windy,Yes
06-03-2022,South,61.3,2063.99,2008.58,Cloudy,Yes
21-07-2019,West,79.2,2331.12,2274.61,Snowy,No
30-12-2022,Midwest,70.5,3229.62,3241.33,Cloudy,Yes
09-11-2019,Northeast,64,3828.06,3861.82,Cloudy,No
27-04-2019,South,75.2,3650.27,3769.01,Cloudy,No
17-08-2023,Northeast,31.5,4230.87,4167.26,Cloudy,No
25-07-2021,Northeast,67.6,4543.66,4665.85,Sunny,Yes
28-07-2020,Midwest,33.8,4264.32,4199.76,Windy,No
01-09-2019,West,94,1075.78,897.95,Snowy,No
20-06-2020,Northeast,25.5,3943.67,3965.35,Windy,Yes
14-06-2023,South,54.4,1833.6,1868.76,Sunny,Yes
16-03-2019,South,75.7,1531.71,1705.53,Sunny,Yes
21-01-2020,West,56.6,3553.96,3644.38,Sunny,Yes
18-05-2022,South,27.4,2278.97,2446.08,Sunny,Yes
19-04-2020,West,64.3,1228.47,1391.81,Cloudy,No
22-02-2020,South,71.3,1550.52,1592.35,Windy,No
13-12-2019,Midwest,76.3,1003.72,1014.82,Rainy,No
02-04-2023,Northeast,49.9,4612.89,4635.87,Snowy,Yes
01-10-2020,Midwest,65.1,1098.47,1289.8,Sunny,No
27-07-2021,Northeast,56.1,1837.82,1947.09,Windy,Yes
12-08-2021,Northeast,73.8,2665.05,2507.56,Sunny,No
25-05-2021,Northeast,66.7,2426.29,2537.66,Sunny,Yes
01-02-2021,Midwest,62.1,4646.9,4515.12,Sunny,Yes
17-04-2022,Northeast,40,1161.16,1140.1,Sunny,No
20-04-2022,Midwest,20.2,3048.86,2933.04,Sunny,Yes
25-10-2020,West,33.9,3721.92,3797.75,Snowy,No
25-01-2019,South,29.4,4726.79,4877.71,Windy,No
18-04-2022,South,55.9,3481.49,3397.63,Sunny,No
10-12-2020,Northeast,69,4215.02,4047.82,Sunny,No
05-03-2023,Midwest,37,1334.9,1254.3,Sunny,No
30-03-2022,South,95.1,2543.76,2612.7,Sunny,Yes
26-06-2019,Midwest,20.5,2495.79,2427.29,Cloudy,No
12-10-2019,Midwest,81.8,4545.15,4456.39,Cloudy,No
04-03-2019,Northeast,70,1605.48,1479.25,Rainy,Yes
29-09-2021,South,49.9,1607.54,1606.55,Sunny,Yes
23-10-2020,Northeast,24,2314.23,2224.61,Rainy,No
27-10-2020,Northeast,70.2,1217.86,1310.26,Snowy,No
05-06-2019,South,50.8,1729.83,1560.48,Rainy,No
01-02-2023,South,94.9,4860.84,4926.45,Windy,Yes
08-12-2021,West,63.4,2712.74,2607.76,Cloudy,No
24-08-2021,West,95.2,3528.08,3523.79,Cloudy,Yes
28-04-2021,Midwest,37.6,3904.45,3818.89,Sunny,No
12-01-2022,South,78.1,2467.85,2556.96,Sunny,No
